"emp_no","first_name","last_name","title","salary"
10095,"Hilari","Morton","Staff",63668
10122,"Ohad","Esposito","Technique Leader",42284
10291,"Dipayan","Seghrouchni","Senior Staff",57430
10410,"Takahito","Gecsei","Staff",46546
10476,"Kokou","Iisaka","Senior Staff",58221
10480,"Make","Baba","Staff",55669
10663,"Teunis","Noriega","Technique Leader",47521
10762,"Lech","Himler","Senior Staff",52172
10933,"Juyoung","Seghrouchni","Senior Engineer",40000
11015,"Jeanna","Riesenhuber","Senior Staff",57076
11126,"Hideo","Daescu","Senior Staff",40000
11157,"Mario","Cochrane","Engineer",50629
11432,"Yongmao","Zwicker","Engineer",40208
12155,"Keiichiro","Glinert","Senior Engineer",55355
12408,"Rasiah","Sudkamp","Senior Engineer",40000
12643,"Morrie","Schurmann","Staff",114784
13499,"Kazuhiko","Sidou","Technique Leader",40000
13957,"Angus","Chelton","Senior Engineer",62604
14075,"Denny","Tchuente","Assistant Engineer",40000
14104,"Sudhanshu","Demian","Senior Staff",40327
14127,"Magdalena","Cannard","Engineer",50454
14158,"Caolyn","Setiz","Senior Staff",67559
14476,"Sastry","Marrevee","Engineer",72512
14551,"Richard","Sinitsyn","Senior Staff",83296
14907,"Nakhoon","Luga","Senior Staff",69351
15050,"Nikolaos","Kruskal","Engineer",46188
15058,"Bouchung","Bugrara","Senior Staff",62294
15376,"Geoff","Soicher","Senior Staff",40000
15413,"Arvin","Rabejac","Engineer",40000
16461,"Remmert","Schahn","Staff",83638
16528,"Gaurav","Swick","Engineer",49557
17013,"Morris","Garigliano","Senior Staff",55776
17206,"Berry","DeMori","Engineer",40000
17369,"Yaghout","Kenevan","Engineer",40000
17447,"Zengping","Boreale","Staff",65188
17618,"Teiji","Picco","Staff",40000
17731,"Gennady","Roison","Assistant Engineer",68972
17799,"Gro","Gini","Engineer",72593
17970,"Filipp","Carrere","Technique Leader",40000
17988,"Mabhin","Calkin","Senior Engineer",52284
18021,"Adil","Matzke","Senior Engineer",40000
18187,"Denis","Falster","Staff",63588
18424,"Filipp","Rousseau","Engineer",40000
18583,"Stafford","Honglei","Staff",40000
18617,"Surveyors","Crouzet","Senior Staff",40000
18810,"Taiji","Jarecki","Senior Engineer",40000
19236,"Elzbieta","Morris","Senior Engineer",67760
19350,"Satoru","Yoshizawa","Senior Staff",41182
19803,"Ziva","Kowalchuk","Engineer",71465
20100,"Utz","Heuter","Senior Staff",64100
20128,"Kazunori","Peak","Senior Staff",40000
20129,"Rafael","Skafidas","Engineer",53292
20248,"Vidar","Demri","Staff",40000
20313,"Candida","Benveniste","Engineer",40000
20500,"Christoph","Trystram","Staff",40000
20712,"Valeri","Escriba","Engineer",71743
20720,"Heejo","Brodie","Senior Staff",40000
20885,"Otmar","Rothenberg","Senior Engineer",59704
21181,"Jianhui","Cangellaris","Assistant Engineer",60114
21188,"Piyush","Danecki","Engineer",40000
21534,"Alagu","Luders","Staff",40000
21546,"Yongmin","Lanteri","Senior Staff",75391
21843,"Karsten","Azadmanesh","Senior Engineer",52216
21909,"Mohammed","Brizzi","Staff",60302
22027,"Sangeeta","Georg","Staff",68981
22185,"Huai","Birch","Assistant Engineer",40000
22415,"Perla","Jumpertz","Senior Staff",69277
22451,"Jasminko","Bresenham","Staff",40000
22455,"Barry","Unno","Senior Staff",69644
22502,"Rutger","Binkley","Senior Engineer",57324
22926,"Manibrata","Genther","Engineer",56184
23396,"Hilari","Fairtlough","Technique Leader",55806
24080,"Jaana","Perez","Technique Leader",47203
24189,"Abdelaziz","Atrawala","Staff",40000
24205,"Roddy","Rubsam","Senior Engineer",49424
24377,"Lubomir","Wroclawski","Senior Engineer",42900
24394,"Zhonghui","Conta","Staff",55035
24421,"Dannz","Grospietsch","Senior Engineer",48385
24553,"Anwar","Passafiume","Senior Staff",58459
24571,"Cordelia","Gischer","Engineer",40000
25488,"Ingmar","Basawa","Staff",40851
26476,"Bilhanan","Karcich","Staff",69850
26503,"Shietung","Billingsley","Senior Staff",82404
26617,"Berto","Bruckman","Engineer",46589
26629,"Nevin","Rodham","Senior Staff",50836
26671,"Jiakeng","Kalorkoti","Engineer",68039
26788,"Zongyan","Dalphin","Senior Engineer",40000
27150,"Chenyi","Plump","Staff",77037
27331,"Wanqing","Krohm","Staff",40000
27378,"Piyawadee","Leppanen","Senior Staff",48227
27620,"Shuji","Kandlur","Engineer",40000
27686,"Manu","Rosiles","Senior Staff",62592
27699,"Falguni","Pezzoli","Engineer",67505
27767,"Tooru","Veldwijk","Staff",40000
27970,"KayLiang","Miyakawa","Technique Leader",40000
28193,"Xinglin","Mitsuhashi","Engineer",40490
28222,"Mayuko","Vitiello","Technique Leader",40000
28974,"Chenxi","Sundgren","Senior Engineer",40000
28988,"Tua","Giveon","Technique Leader",47185
29130,"Xumin","Thorensen","Staff",67033
29265,"Gilbert","Calkin","Senior Staff",40000
29380,"Satoru","Vidal","Assistant Engineer",48212
29418,"Valery","Mersereau","Assistant Engineer",57496
29679,"Kolar","Steenbeek","Senior Engineer",44381
29782,"Jouko","Hellwagner","Senior Engineer",45222
29954,"Pranay","Giarratana","Senior Engineer",40000
30007,"Kousuke","Vecchio","Engineer",56378
30035,"Tetsushi","Conta","Senior Staff",45843
30154,"Mayuko","Skafidas","Technique Leader",40000
30182,"Leon","Potthoff","Senior Engineer",61572
30465,"Randi","Avouris","Senior Engineer",41895
30484,"Sailaja","Chvatal","Staff",62692
30552,"Yishai","Terlouw","Engineer",40000
30695,"Gudjon","Majewski","Senior Engineer",42052
30938,"Yakkov","Samarati","Staff",43593
31147,"Divine","Sidhu","Senior Staff",54305
31170,"Tuval","Waleschkowski","Senior Staff",54779
31188,"Leandro","Gist","Technique Leader",40000
31207,"Abdelwaheb","Dulin","Senior Engineer",40000
31341,"Oksana","Zultner","Staff",53219
31514,"Harngdar","Schapire","Engineer",62415
31568,"Mark","Lalonde","Staff",67061
31599,"Qingxiang","Gewali","Engineer",40000
31629,"Toong","Veldwijk","Engineer",73023
31909,"Murthy","Peek","Engineer",46224
32347,"Terresa","Peres","Staff",66965
32552,"Atreye","Stanger","Engineer",50710
32622,"Piyush","Paciorek","Staff",40000
32649,"Ingmar","Nannarelli","Senior Staff",51124
32714,"Radoslaw","Maliniak","Staff",82622
32844,"Tadahiko","Melton","Engineer",48091
33025,"Jessie","Thorelli","Senior Staff",40000
33215,"Steen","Fasbender","Technique Leader",48797
33293,"Adamantios","Vanwelkenhuysen","Engineer",40000
33606,"Clyde","Swift","Staff",61733
33722,"Anwar","Collette","Senior Engineer",40000
34077,"Angel","Sichman","Senior Staff",50005
34261,"Kyoichi","Callaway","Staff",40000
34446,"Chinhyun","Bauknecht","Senior Engineer",40000
34452,"Naftaly","Foong","Engineer",50679
34505,"Felicidad","Kumaresan","Senior Staff",87384
34533,"Erzsebet","Shigei","Senior Engineer",40829
34780,"Moni","Kohling","Staff",64125
34788,"Ennio","Babu","Senior Engineer",58068
34936,"Bokyung","Stamatiou","Technique Leader",65899
35044,"Jiang","Waschkowski","Engineer",52310
35087,"Leif","Ashish","Staff",40000
35441,"Chandrasekaran","Peek","Senior Engineer",48152
35642,"Ashish","Talmon","Senior Engineer",40000
35793,"Oscar","Kusalik","Staff",56473
35798,"Ulf","Oberman","Senior Engineer",41160
36521,"Serif","Gladwell","Senior Staff",57111
36626,"Fen","Genin","Senior Staff",48437
36733,"Uma","Reinhard","Staff",40000
36844,"Hailing","Levergood","Staff",57007
36982,"Kotesh","Rajala","Engineer",40000
37070,"Jeong","Undy","Senior Staff",43215
37592,"Berni","Stranks","Engineer",69900
37719,"Nakhoon","Buescher","Assistant Engineer",51093
37945,"Suzette","Butterworth","Senior Engineer",40000
38017,"Ulf","Himler","Staff",40977
38043,"Michaela","Randi","Engineer",49927
38103,"Masasuke","Babu","Engineer",48383
38168,"Fumiko","Deverell","Senior Staff",40000
38550,"JoAnne","Baez","Senior Engineer",40000
38593,"Huei","Orsini","Engineer",60124
38947,"Shuichi","Ruemmler","Senior Staff",40000
39000,"Martijn","Vendrig","Senior Staff",48649
39036,"Changho","Cappelli","Staff",40000
39268,"Constantijn","Awdeh","Engineer",52535
39301,"Rimon","Kawashima","Senior Staff",40000
39341,"Mahmut","Lampe","Engineer",50645
39952,"Otmar","Sudbeck","Staff",80468
40269,"Toshiki","Ghazalie","Senior Staff",70370
40283,"Sudhanshu","Boissier","Engineer",40000
40301,"Spyrose","Felder","Senior Engineer",40000
40536,"Harngdar","Bernardinello","Engineer",49948
40648,"Wayne","Erev","Staff",91874
40765,"Michaela","Ramsak","Staff",51758
40773,"Shimshon","Aingworth","Senior Staff",40000
40785,"Youpyo","Castellani","Engineer",49404
40983,"Marla","Cherinka","Technique Leader",40000
41114,"Petter","Thummel","Technique Leader",60729
41137,"Bikash","Buchter","Senior Staff",71921
41357,"Willard","Vernadat","Engineer",59086
41518,"Keung","Schapiro","Senior Engineer",47399
41520,"Xiong","Uhrik","Senior Engineer",44818
41552,"Uno","Heyers","Engineer",46811
41609,"Yucai","Simmen","Senior Staff",60396
42778,"Shuji","Remmers","Senior Staff",40000
42911,"Brigham","Eterovic","Senior Engineer",40181
42950,"Shaleah","Eickenmeyer","Senior Staff",40000
42955,"Yucel","Lortz","Engineer",40000
43154,"Maha","Waterhouse","Staff",69813
43358,"Ottavia","Mitsuhashi","Staff",63651
43733,"Huei","Boguraev","Staff",40000
43848,"Phillip","Oxenboll","Engineer",40000
44054,"Alenka","Ritcey","Engineer",40000
44265,"Maria","Eppinger","Engineer",52444
44540,"Mingzeng","Sadowski","Senior Engineer",40000
44900,"Mark","Schwaller","Staff",47805
44959,"Volkmar","Uhrik","Senior Engineer",60432
44962,"Sariel","Wynblatt","Assistant Engineer",40000
45162,"Dulce","Speel","Engineer",58610
45590,"Masoud","Genin","Technique Leader",42484
46000,"Zhaofang","Penn","Staff",40000
46015,"Weiye","Masand","Staff",66067
46222,"Mrinalini","Strooper","Staff",64880
46328,"Wuxu","Trogemann","Senior Staff",76950
46531,"Yaghout","Peng","Assistant Engineer",59370
46811,"Junsik","Berendt","Senior Engineer",52228
46834,"Tooru","Daescu","Senior Staff",82569
46943,"Pasqua","Maraist","Senior Engineer",46091
47016,"Toong","Litecky","Senior Staff",58961
47139,"Marco","Usdin","Engineer",67283
47262,"Gonzalo","Binkley","Engineer",40000
47515,"Naraig","Jenevein","Senior Engineer",50098
47702,"Juyoung","Vieri","Staff",84625
47708,"Edwin","Haldar","Senior Staff",76137
48275,"Sariel","Massonet","Senior Staff",67799
48690,"Hitomi","Schaap","Staff",47581
48882,"Leen","Lamparter","Engineer",40000
48904,"Yuichiro","Malabarba","Senior Staff",58807
48947,"Filipp","Akaboshi","Senior Staff",57836
49010,"Kazuhisa","Benantar","Staff",63422
49017,"Filipp","Flanders","Engineer",46622
49119,"Lena","Peek","Engineer",55051
49177,"Tze","Bach","Engineer",44995
49464,"Siddarth","Cappelletti","Staff",73678
49477,"Baocai","Leaver","Senior Staff",40000
50293,"Xinan","Rindone","Engineer",40000
50311,"Mooi","Stafford","Senior Engineer",40000
50360,"Sumali","Kushner","Engineer",41121
50453,"Aron","Harbusch","Staff",79402
50587,"Slavian","Yemenis","Technique Leader",70767
50670,"Boguslaw","Snedden","Senior Staff",64895
50831,"Marie","Khalid","Senior Engineer",52845
51036,"Chriss","Fasbender","Staff",55121
51057,"Theirry","Albarhamtoshy","Staff",58337
51060,"Youngkon","Rohrbach","Engineer",42308
51118,"Fumiko","Mundy","Staff",56519
51142,"Rosine","Lakshmanan","Senior Engineer",46516
51502,"Slavian","Munawer","Senior Staff",72237
51868,"Remmert","Munke","Assistant Engineer",55988
52038,"Chikako","Armand","Senior Engineer",52102
52040,"Phule","Heijenga","Senior Staff",40000
52283,"Trygve","Krupka","Staff",44232
52386,"Adas","Denti","Staff",65342
52590,"Jouni","Munoz","Staff",45171
52599,"Augustine","Mungall","Senior Engineer",48897
52639,"Arup","Colorni","Senior Staff",69976
52770,"Shugo","Yurek","Senior Staff",65588
52778,"Alain","Penn","Technique Leader",46041
52956,"Khalil","Picci","Engineer",40000
52970,"Lobel","Werthner","Engineer",47552
53088,"Mechthild","Lamma","Engineer",40000
53278,"Premsyl","Lortz","Staff",67503
53314,"Eberhardt","Carrera","Staff",40000
53431,"Sham","Vasanthakumar","Senior Staff",60379
53499,"Zdislav","Mandelberg","Senior Engineer",40000
53597,"Jiafu","Marchegay","Engineer",41626
53746,"Manu","Erva","Staff",63132
53874,"Bodo","Schade","Senior Staff",51955
53891,"Olivera","Pargaonkar","Staff",50046
53924,"Arnould","Gaughan","Senior Engineer",40000
54198,"Shaowen","Segond","Engineer",40000
54632,"Etsuo","Serot","Staff",43788
54795,"Sumant","Nergos","Staff",40000
54800,"Breannda","Cangellaris","Staff",74827
55121,"Toshiko","Alblas","Engineer",55774
55640,"Adit","Syrotiuk","Engineer",40000
55670,"Ulf","Ranft","Senior Staff",63760
55687,"Shih","Lindqvist","Senior Engineer",40000
55799,"Jianwen","Litzler","Engineer",61980
55857,"Adin","Scallan","Senior Staff",70416
56105,"Makato","Remmers","Engineer",40000
56209,"Remzi","Douceur","Engineer",54373
56415,"Sigeru","Nivat","Staff",51148
56428,"Olivera","Hanabata","Senior Staff",43255
56682,"Roded","Picco","Assistant Engineer",40000
56829,"Nagui","Gruenwald","Engineer",40000
56847,"Menkae","Chinin","Senior Engineer",44031
57934,"Sanjoy","Boudaillier","Senior Engineer",82396
57982,"Paloma","Benzaken","Senior Staff",55662
58141,"Bezalel","Karner","Staff",46317
58147,"Shigenori","Sullins","Senior Staff",55703
58217,"Kiyotoshi","Kusalik","Engineer",43222
58384,"Mariusz","Vural","Senior Engineer",40000
58454,"Ziya","Zambonelli","Engineer",44411
58497,"Yechiam","Cairo","Senior Staff",90613
58601,"Sungwon","Asser","Staff",67956
58819,"Gennady","Liesche","Senior Staff",71147
58990,"Palash","Trelles","Engineer",47785
59195,"Ronnie","Pollock","Technique Leader",50132
59329,"Zissis","Bazzichi","Staff",40000
59640,"Zita","Hiltgen","Staff",45566
59661,"Saeko","Baik","Staff",49077
59869,"Zsolt","Riefers","Senior Staff",56247
59966,"Steen","Salvesen","Technique Leader",40000
60000,"Heekeun","Emmart","Engineer",60002
60091,"Surveyors","Bade","Staff",46436
60238,"Erzsebet","Claffy","Staff",73612
60559,"Jeanna","Stemann","Engineer",41261
60821,"Moty","Mersereau","Senior Staff",44481
60845,"Bedir","Siegrist","Engineer",71431
60875,"Rildo","Masaki","Senior Engineer",41164
60959,"Tetsushi","Sridhar","Senior Staff",62352
61147,"Leszek","Werthner","Staff",64737
61253,"Cheong","Uhrik","Senior Engineer",40000
61377,"Dannz","Ohori","Staff",40000
61541,"Kasidit","Papsdorf","Engineer",49649
61680,"Hauke","Templeman","Staff",53505
61873,"Woody","Rusmann","Assistant Engineer",40000
61983,"Sastry","Reeken","Staff",66992
62033,"Heeju","Cappelli","Engineer",69343
62046,"Karlis","Nanard","Engineer",54073
62167,"Mihalis","Haldar","Senior Engineer",40000
62245,"Adel","Bressoud","Engineer",40000
62384,"Akeel","Litzler","Senior Staff",40000
63294,"Tetsushi","Tanemo","Engineer",40000
63419,"Hiroyasu","Seuren","Senior Engineer",40000
63441,"Hinrich","Scallan","Staff",40000
63444,"Padma","Peres","Staff",65631
63566,"Heekeun","Slaats","Senior Staff",40000
63631,"Falguni","Cherinka","Senior Engineer",40000
63706,"Sedat","Itzigehl","Engineer",46185
64023,"Laurentiu","Benzmuller","Senior Engineer",45861
64209,"Golgen","Schoegge","Senior Staff",40000
64431,"Faiza","Zongker","Technique Leader",42352
64487,"Tsutomu","Rebaine","Engineer",42874
64532,"Atilio","Segond","Engineer",76024
64632,"Zsolt","Brender","Senior Staff",74384
64790,"Shin","Piveteau","Senior Engineer",59783
64828,"Krister","Pappas","Staff",61091
64984,"Eldridge","Eldridge","Senior Engineer",40000
65013,"Chandrasekaran","Peral","Senior Engineer",54474
65171,"Jeane","Tasistro","Technique Leader",71349
65539,"Aksel","Picaronny","Engineer",60784
65883,"Patricia","Pepe","Staff",93721
65998,"Mandell","Alameldin","Senior Staff",85937
66382,"Domenico","Candan","Engineer",55428
66530,"Dung","Leaver","Staff",40000
66643,"Jianhao","Tomescu","Engineer",41133
66702,"Deniz","Thibadeau","Engineer",52161
66757,"Yonghong","Baig","Staff",46812
66807,"Aiman","Rosaz","Engineer",50982
67320,"Sadok","Lorys","Senior Staff",89952
67548,"Fumitaka","Roohalamini","Staff",40000
67934,"Aiman","Gargeya","Engineer",54347
68022,"Kristinn","Pearson","Staff",40000
68168,"Marl","Thiria","Staff",46332
68263,"Fumiko","Bodoff","Staff",66081
68416,"Munenori","Debuse","Senior Engineer",54132
68608,"Yucai","Seghrouchni","Engineer",47652
68633,"Chinhyun","Rassart","Senior Engineer",60777
68648,"Jaques","DiGiano","Technique Leader",55150
69052,"Shietung","Shrader","Senior Staff",42091
69219,"Shuky","Redmiles","Senior Staff",75769
69867,"Miyeon","Rothe","Senior Staff",82080
69878,"Chinya","Cooke","Engineer",46063
69936,"Lalit","Unni","Assistant Engineer",50124
70469,"Tru","Miyakawa","Senior Staff",49746
70780,"Behnaam","Angelov","Assistant Engineer",40000
70990,"Arumugam","Nitta","Senior Engineer",56701
71066,"Domenick","Basart","Staff",78430
71141,"Sajjad","Vitiello","Senior Staff",40000
71188,"Pranjal","Schapiro","Staff",64557
71243,"Kinh","Buchter","Senior Engineer",51345
71334,"Cathie","Peck","Engineer",40000
71685,"Kristinn","Olano","Senior Engineer",40000
71710,"Hitomi","Takanami","Assistant Engineer",43204
71745,"Adil","Laventhal","Assistant Engineer",40000
72190,"Sajjad","Waeselynck","Engineer",43105
72194,"Feiyu","Siepmann","Senior Engineer",70267
72232,"Naraig","Veldwijk","Senior Engineer",61027
72640,"Honglan","Hutton","Engineer",40000
72918,"Takahira","Szilard","Senior Staff",73810
73076,"Froduald","Feldhoffer","Senior Engineer",44141
73233,"Shigeo","Merey","Senior Engineer",43651
73516,"Qingxiang","Badache","Senior Engineer",40000
73743,"Anneke","Bernardeschi","Engineer",40000
73794,"Aiichiro","Castellani","Engineer",41110
73903,"Bartek","Cappello","Engineer",40000
74200,"Holgard","Weiland","Senior Engineer",40000
74237,"Jaihie","Vilarrasa","Assistant Engineer",48639
74344,"Hiroyasu","Provine","Engineer",40000
74598,"Kolar","Garigliano","Senior Staff",57664
74668,"Masako","Bonifati","Senior Staff",56031
74800,"Yuuichi","Conde","Engineer",40000
75113,"Zissis","Birch","Senior Engineer",40000
75354,"Shuky","Jakobus","Engineer",40000
75420,"Clyde","Vrecion","Engineer",41464
75703,"Kyoichi","Erman","Engineer",40000
75760,"Jahangir","Radhakrishnan","Technique Leader",44458
76178,"Chiradeep","Meriste","Senior Engineer",62261
75888,"Marsal","Otillio","Staff",46178
76189,"Kolar","Hinsberger","Engineer",47490
76201,"Arif","Preusig","Senior Engineer",45799
76417,"Parviz","Duclos","Senior Engineer",40000
76598,"Keung","Ferriere","Engineer",69066
76640,"Tristan","Mitsuhashi","Engineer",40000
76847,"Mariusz","Weiland","Senior Engineer",40000
77157,"Tesuro","Nicolson","Staff",40000
77030,"Faiza","Garnham","Technique Leader",47503
77303,"Xinglin","Birge","Staff",48808
77647,"Niranjan","Schaaf","Technique Leader",42981
78363,"Susumu","Fritzsche","Engineer",40030
77815,"Ronghao","Picaronny","Assistant Engineer",46164
78086,"Fabrizio","Anick","Staff",49364
78106,"Ashish","Ratnaker","Senior Staff",73059
78171,"Teiji","Hinsberger","Senior Staff",41496
79043,"Katsuo","Hockney","Technique Leader",62200
78469,"Leucio","Cappelli","Staff",40000
78871,"Conor","Ghandeharizadeh","Senior Engineer",63067
79171,"Guiseppe","Ellozy","Senior Engineer",44193
79190,"Tsuneo","Servi","Staff",72794
79763,"Sanjoy","Barreiro","Staff",80428
79239,"Denny","Griswold","Senior Engineer",40000
79310,"Jeong","Cunliffe","Senior Staff",43707
79895,"Fei","Murtagh","Senior Staff",51534
79606,"Arnd","Peir","Senior Engineer",50381
80067,"Kazuhisa","Weiland","Senior Staff",40000
79640,"Marl","Litzkow","Staff",48730
79722,"Make","Remmers","Staff",64573
80432,"Stella","Figueira","Senior Staff",56584
80203,"Shakhar","Baik","Staff",41466
80731,"Shaowen","Eldridge","Senior Staff",54475
80656,"Kwan","Gide","Engineer",40000
80745,"Rimli","Huttel","Staff",57469
80850,"Koldo","Luit","Engineer",55815
80889,"Shigeo","Linnainmaa","Senior Engineer",60339
81105,"Jaewon","Boissier","Engineer",51686
80948,"Harjit","Bardell","Engineer",40000
81162,"Marco","Klerer","Engineer",40000
81619,"Gen","Aloisi","Engineer",52936
81644,"Divine","Ghandeharizadeh","Staff",96620
83714,"Ohad","Kilgore","Engineer",43736
81545,"Larisa","Kornyak","Technique Leader",40000
81995,"Sreekrishna","Brender","Senior Engineer",41280
82069,"Yechezkel","Perfilyeva","Senior Engineer",40000
82098,"Poornachandra","Wilharm","Engineer",65236
82351,"Stevo","Thambidurai","Senior Staff",40000
82511,"Uwe","Koblick","Engineer",40000
82919,"Shigeu","Claffy","Engineer",40000
82928,"Alselm","Rikino","Senior Engineer",60112
83280,"Francesca","Ellozy","Senior Engineer",53451
83289,"Shigeichiro","Engelmann","Engineer",40000
83509,"Breannda","Collavizza","Senior Engineer",40000
83544,"Leaf","Baak","Staff",64345
83805,"Manohar","Harllee","Senior Engineer",81354
84029,"Babette","Eugenio","Staff",40000
83922,"Shunichi","Solovay","Senior Engineer",43228
83941,"Zsolt","Hagimont","Senior Staff",40000
84163,"Zejun","Roisin","Senior Staff",55022
84179,"Shuichi","Nanard","Senior Engineer",40000
84451,"Shiv","Aumann","Senior Engineer",52930
84236,"Eberhardt","Barriga","Senior Staff",79481
84256,"Denny","Cheshire","Staff",46835
84315,"Kristina","Baumann","Assistant Engineer",40000
84494,"Janalee","Loncour","Staff",46378
84508,"Tommaso","Vidya","Engineer",40000
84840,"Sverrir","Neimat","Staff",40000
84922,"Parke","Unno","Engineer",40000
85216,"Ferdinand","Rosiles","Senior Staff",50873
84942,"Shin","Fujisaki","Technique Leader",40000
85288,"Younwoo","Luders","Senior Engineer",59922
85702,"Udi","Merks","Engineer",46279
85414,"Chiradeep","Callaway","Staff",46065
85445,"Yongdong","Pollock","Staff",64616
86213,"Kristine","Clemencon","Staff",58095
85874,"Pasqua","Taubman","Senior Staff",45034
86422,"Jaewon","Thummel","Senior Staff",40000
86546,"Oldrich","Woycyznski","Senior Engineer",40000
86324,"Maia","Berstel","Senior Engineer",40000
86354,"Ronghao","Segond","Senior Engineer",66984
88357,"Manohar","Karcich","Staff",40000
86655,"Zhenhua","Lorys","Engineer",42987
86672,"JoAnne","Anido","Staff",40000
87129,"Keung","Neiman","Staff",63824
87353,"Quingbo","Coombs","Senior Engineer",54168
87458,"Mikhail","Gimbel","Senior Staff",40000
87714,"Khun","Janetzko","Engineer",40000
87729,"Yongmin","Roccetti","Staff",40000
87783,"Conor","Thorensen","Senior Engineer",61557
88103,"Goo","Bresenham","Senior Staff",81862
88411,"Lena","Cannane","Engineer",40000
88422,"Jungsoon","Birsak","Technique Leader",67886
88647,"Vasiliy","Ratnaker","Engineer",47900
89048,"Otmar","Birjandi","Engineer",60750
88958,"Vojin","Coombs","Staff",68392
89090,"Tetsushi","Theuretzbacher","Staff",47091
88965,"Mang","Hedayat","Engineer",45594
89161,"Conal","Yetto","Senior Staff",40000
89207,"Along","Erol","Staff",40000
89487,"Kazuhira","Seiwald","Engineer",40000
89346,"Mansur","Comyn","Engineer",45781
89590,"Guther","Rothenberg","Staff",67868
89664,"Pranjal","Rossi","Staff",59064
89680,"Aiman","Mawatari","Senior Engineer",40000
89806,"Xiadong","Shinomoto","Senior Engineer",40000
90116,"Brigham","Luiz","Assistant Engineer",69213
89922,"Alexius","Ibel","Engineer",62911
89941,"Arnould","Weedman","Senior Staff",55028
90077,"Vivian","Guerreiro","Assistant Engineer",45948
90084,"Renny","Bale","Engineer",45685
90211,"Bader","Denis","Engineer",40000
90518,"Fumiko","Chepyzhov","Senior Staff",42375
90292,"Koichi","Assaf","Senior Engineer",40491
90366,"Magy","Eiron","Senior Staff",40000
90614,"Yonghoan","Trogemann","Engineer",44589
90692,"Rajmohan","DasSarma","Senior Staff",40000
91229,"Yahiko","Hebden","Senior Engineer",40000
91172,"Kazuhisa","Melter","Staff",40000
91256,"Gunilla","Milicic","Staff",81518
91182,"Lucien","Schwartzburd","Engineer",44702
91308,"Remmert","Plumb","Engineer",51770
91333,"Lobel","Stafford","Staff",54313
91648,"Dmitry","Msuda","Staff",84094
91415,"Jamaludin","Nilsson","Senior Staff",50426
91462,"Siamak","Janocha","Engineer",40000
91973,"Jianwen","Jakobus","Senior Engineer",50475
92438,"Aria","Kilgore","Engineer",54543
91934,"Nikolaus","Swen","Engineer",46503
92443,"Girolamo","Bellmore","Senior Staff",40000
92454,"Visit","McFarlan","Engineer",40000
92841,"Claude","Candan","Senior Staff",78441
92577,"Zhanqiu","Farrow","Assistant Engineer",40000
92598,"Ranga","Merro","Assistant Engineer",56144
92685,"Mang","Atchley","Senior Staff",55634
92846,"Anyuan","Kropatsch","Staff",44033
93220,"Richara","Walston","Senior Engineer",47553
92920,"Huei","Hutter","Engineer",40000
93040,"Jaques","Kabayashi","Senior Engineer",56125
93278,"Magdalena","Penn","Engineer",49314
93549,"Arie","Coullard","Staff",81468
93600,"Kristina","Neimat","Technique Leader",40000
94331,"Ramzi","Cronau","Technique Leader",40000
93794,"Rimli","Werthner","Engineer",40245
94045,"Gift","Brender","Senior Engineer",49858
94131,"Bernardo","Vasanthakumar","Staff",45782
94416,"Aran","Cesareni","Senior Staff",61048
94442,"Bilhanan","Marrakchi","Staff",69280
94761,"Hitofumi","Zaccaria","Senior Engineer",48772
94787,"Shigenori","Stanfel","Staff",41967
95181,"Yishai","Cappelli","Staff",66810
94690,"Kazuyasu","Sridhar","Staff",62057
94944,"Heping","Matheson","Engineer",57985
95509,"Kristinn","Loncour","Engineer",40000
95286,"Kristin","Guerreiro","Senior Engineer",40000
95314,"Rasiah","Koblick","Senior Staff",69833
95406,"Alair","Lyonns","Engineer",40000
95416,"Gianluca","Ramaiah","Engineer",51499
95920,"Nobuyoshi","Hegner","Senior Staff",61744
95692,"Abdulah","Hofstetter","Engineer",40000
96100,"Pranay","Rebaine","Senior Engineer",49351
96571,"Kokou","Garrabrants","Senior Engineer",47390
96579,"Mohan","Tasistro","Engineer",50866
96767,"Arumugam","Vecchio","Senior Engineer",68591
97623,"Haldon","Janetzko","Senior Staff",45153
97018,"Jeanna","Chinen","Engineer",44400
97092,"Anwar","Riexinger","Engineer",63199
97697,"Moie","Karunanithi","Senior Engineer",40000
97661,"Avishai","Hegner","Staff",46725
98514,"Giao","Junot","Staff",79331
98288,"Sumali","Huttel","Senior Staff",43445
98306,"Ziya","Kadhim","Senior Engineer",58503
99057,"Shugo","Reeken","Staff",40000
98639,"Florina","Assaf","Staff",40000
99373,"Xiaobin","Christianini","Senior Staff",40000
99377,"Carrsten","Francisci","Senior Engineer",51127
100865,"Hisao","Peral","Engineer",84451
99590,"Dhritiman","Anily","Staff",86023
99654,"Mahendra","Motley","Senior Staff",58667
100877,"Kazuhide","Harnett","Engineer",47459
100916,"Heejo","Aamodt","Senior Engineer",58123
101063,"Nectarios","Munos","Senior Engineer",56046
101487,"Abdelaziz","Sury","Senior Staff",60348
101902,"Mantis","Millington","Senior Staff",58037
101647,"Mori","Homond","Staff",69247
102620,"Adin","Templeman","Engineer",45060
103310,"Visit","Swen","Staff",66244
103166,"Waiman","Dalton","Engineer",40000
103172,"Doowon","Highland","Senior Engineer",40000
103196,"Djenana","Albarhamtoshy","Staff",40000
103316,"Susanne","Peternell","Engineer",45189
103342,"Beshir","Hellwagner","Engineer",40000
103756,"Heping","Halloran","Assistant Engineer",40000
104133,"Pranjal","Zyda","Staff",92751
104845,"Werner","Lodder","Senior Staff",54489
105191,"Jaber","Kleiser","Engineer",62196
104962,"Zongyan","Auyong","Engineer",81539
104988,"Parviz","Litzler","Engineer",71970
105520,"Haldun","Lienhardt","Senior Staff",71995
105342,"Kwun","Reeker","Technique Leader",61529
105356,"Diederik","Matzov","Engineer",43737
105432,"Mohamadou","Stafford","Engineer",55985
105589,"Yechiam","Egerstedt","Engineer",41784
105936,"Vidar","Thibadeau","Staff",53234
105731,"Sachem","Cromarty","Assistant Engineer",48369
106096,"Naftali","Schurmann","Engineer",40000
106242,"Nevio","Thisen","Senior Staff",40000
106695,"Lijie","Garrabrants","Senior Staff",52364
106514,"Otilia","Speek","Senior Engineer",52638
106710,"Babette","Anandan","Senior Staff",60537
107486,"Siamak","Luiz","Senior Engineer",40000
106958,"Horward","Begiun","Senior Engineer",62767
107737,"Fabrizio","Chleq","Senior Engineer",70367
107792,"Shahab","Crooks","Senior Staff",80432
107828,"Ramya","Walston","Senior Staff",78757
108316,"Shai","Stellhorn","Senior Engineer",40000
108091,"Hisao","Ghemri","Senior Staff",56381
108988,"Oksana","Baek","Staff",60335
108198,"Randi","Samarati","Senior Staff",42904
109062,"Jamaludin","Kandlur","Senior Engineer",45396
109741,"Hatem","Fadgyas","Senior Engineer",40000
109211,"Gor","Delgrande","Senior Engineer",40000
109252,"Moty","Winter","Technique Leader",40000
109278,"Bangqing","Schach","Senior Staff",57911
109547,"Chenye","Zizka","Senior Staff",40000
109552,"Menkae","Etalle","Assistant Engineer",49886
109553,"Xiaobin","DuBourdieux","Staff",69019
109598,"Stamatina","Auyong","Senior Staff",59483
109611,"Jamaludin","Lalonde","Staff",97721
109620,"Mani","Cannata","Senior Staff",68293
109652,"Huan","Perko","Staff",60319
109703,"Arco","Walston","Engineer",46705
109953,"Godehard","Chorvat","Staff",56632
200052,"Slavian","Cincotta","Senior Engineer",40000
201915,"Sudharsan","DeMori","Engineer",62133
200176,"Shahab","Luit","Senior Staff",90882
200267,"Chuanti","Luff","Staff",40000
200312,"Akemi","Fujisaki","Senior Engineer",40000
200363,"Kirk","Quaggetto","Senior Engineer",54013
200735,"Dinah","Denos","Staff",65769
200789,"Susumu","Camurati","Senior Staff",65044
201180,"Odinaldo","Bridgland","Assistant Engineer",64988
201229,"Alejandra","Khasidashvili","Staff",49086
201708,"Anneli","Perl","Staff",40000
201709,"Fan","Kakkad","Senior Staff",78121
201739,"Genta","Terekhov","Assistant Engineer",57310
201801,"Waiman","Genin","Senior Engineer",50795
202031,"Annemarie","Peternell","Engineer",46606
202291,"Ortrun","Schmiedel","Engineer",63773
202403,"Gully","Perko","Engineer",40000
202414,"Zvonko","Murthy","Senior Staff",50945
202826,"Kerhong","Matzke","Senior Engineer",40000
202552,"Morris","Saoudi","Senior Engineer",40000
202581,"Dharmaraja","Merlo","Staff",66361
202882,"Isaac","Koshino","Senior Engineer",40000
202950,"Giordano","Pietrzykowski","Senior Staff",40000
203474,"Hugh","Jonsson","Senior Staff",71401
203599,"Ewing","DiGiano","Technique Leader",41382
203495,"Zongyan","Gips","Technique Leader",40000
204133,"Susuma","Bergere","Senior Staff",56752
203697,"Claude","Kemmerer","Engineer",40429
203720,"Sasan","Thimonier","Senior Staff",72078
203946,"Yefim","Marwedel","Staff",56594
204117,"Jessie","Nooteboom","Staff",80942
204246,"Arve","Worfolk","Staff",40000
204425,"Gretta","Huttel","Senior Engineer",40000
204470,"Hein","Lichtner","Staff",55499
204471,"Franziska","Maginnis","Senior Engineer",40000
204764,"Susanne","Mandelberg","Engineer",47854
205085,"Moni","Kornyak","Technique Leader",43219
205174,"Leszek","Spinelli","Staff",55525
205018,"Yahiko","Awdeh","Engineer",55086
205500,"Mary","Setiz","Senior Engineer",40000
205362,"Masasuke","Makinen","Staff",74150
205863,"Aiichiro","Kusalik","Engineer",48877
205627,"Stabislas","Broder","Senior Engineer",40000
205660,"Kien","Barreiro","Staff",40000
205699,"Youjian","Yetto","Staff",55096
206966,"Tzu","Sichman","Senior Engineer",61861
205789,"Limsoon","Skafidas","Senior Staff",49886
206372,"Temple","Joslin","Engineer",64246
206748,"Yucai","Fabrizio","Staff",62756
206836,"Guadalupe","Pfau","Senior Staff",48691
206865,"Vasilii","Cochrane","Engineer",48138
207021,"Jacqueline","Akaboshi","Engineer",46523
207068,"Zhiguo","Ariola","Senior Staff",63190
207401,"Shuji","Barbanera","Senior Staff",47070
207204,"Kellie","Schrooten","Engineer",40000
207779,"Chinya","Kamble","Senior Staff",48113
207551,"Baziley","Falck","Assistant Engineer",40000
208147,"Manu","Rothenberg","Engineer",57788
207980,"Remko","Vieth","Staff",40000
208784,"Pranjal","Juneja","Senior Engineer",40000
208330,"Shen","Flanders","Senior Staff",80127
208639,"Larisa","Lukaszewicz","Senior Staff",64461
208653,"Phillip","Schade","Engineer",54926
209565,"Dante","Covnot","Senior Staff",40000
209101,"Xinyu","Edelhoff","Senior Engineer",50790
209443,"Krassimir","Garnier","Senior Staff",54723
209456,"Adhemar","Leonhardt","Engineer",53137
209945,"Roded","Veevers","Engineer",82313
209681,"Tianruo","Bratten","Senior Staff",40000
209712,"Nimmagadda","Baak","Assistant Engineer",65975
210017,"Shalesh","Lovengreen","Staff",40000
210292,"Lihong","Zeilberger","Staff",42520
210610,"Arco","Crouzet","Engineer",57580
210449,"Gino","Lagarias","Engineer",47376
210529,"Adam","Besancenot","Senior Staff",96947
210752,"Saniya","Stenning","Staff",47970
210786,"Werner","Ranze","Staff",52846
211858,"Domenico","Ratnaker","Engineer",43498
211569,"Zhonghua","Snyers","Senior Staff",40000
211879,"Gao","Ranze","Engineer",40000
212093,"Leni","Henders","Senior Staff",40000
212131,"Debatosh","Rajala","Staff",71331
211967,"Anwar","Bain","Engineer",40704
212154,"Sailaja","Holburn","Staff",41645
213016,"Yongmao","Fontan","Engineer",40596
212074,"Tomokazu","Byoun","Engineer",40000
212361,"Claudi","Stanfel","Engineer",40000
212703,"Kien","Bennis","Engineer",61566
212810,"Qingxiang","Swan","Staff",56986
213140,"Tru","Danecki","Staff",72365
214391,"Rayond","Klassen","Senior Staff",46462
213384,"Pranas","Narwekar","Engineer",41608
213447,"Armond","Perly","Engineer",57808
214184,"Sivanarayana","Ranka","Engineer",47630
214215,"Xiaoqiang","Cardazo","Senior Staff",90603
214427,"Peer","Molberg","Engineer",62160
214789,"Arfst","Chepyzhov","Senior Engineer",40000
214539,"Ingmar","Kohling","Engineer",64488
214634,"Shirish","Vickson","Senior Engineer",48826
214807,"Prasadram","Qiwen","Assistant Engineer",60446
215419,"Flemming","Kroha","Staff",40000
214866,"Gopalakrishnan","Angel","Engineer",40000
214995,"Dinkar","Hoppenstand","Engineer",40000
215843,"Pramod","Loncour","Senior Staff",47164
215629,"Munehiro","Manders","Senior Staff",40000
215746,"Sven","Speer","Staff",79967
216246,"Francoise","Rullman","Staff",43647
216054,"Sahrah","Angiulli","Senior Staff",40000
216062,"Shuichi","Anick","Senior Engineer",40000
216342,"Aiichiro","Cromarty","Engineer",40000
216573,"Ashish","Vidya","Senior Engineer",41448
216375,"Byong","Gustavson","Senior Engineer",59674
216502,"Xiaocheng","Suermann","Engineer",63256
216921,"Lena","Lenart","Senior Staff",51601
217026,"Otmar","Engberts","Senior Staff",51335
217272,"Yuchang","Eldridge","Senior Staff",56909
217286,"Yannik","Spelt","Technique Leader",40000
217320,"Abdelwaheb","Denis","Engineer",40000
217363,"Horward","Marzano","Staff",74333
217387,"Jianhao","Molenaar","Engineer",40000
217080,"Masami","Puoti","Senior Engineer",40000
217800,"Shay","Servieres","Senior Staff",52924
217551,"Panayotis","Lukaszewicz","Engineer",41730
218022,"Mokhtar","Poupard","Technique Leader",46593
218100,"Jiong","Garnham","Staff",40000
218829,"Eckart","Foong","Staff",72760
218299,"Almudena","Genin","Staff",56167
218831,"Unal","DuBourdieux","Engineer",99378
219497,"Moie","Zastre","Technique Leader",40929
219035,"Kristine","Bierman","Technique Leader",40000
219047,"Aemilian","Kusalik","Senior Engineer",40000
219052,"Marsal","Acton","Staff",62703
219967,"Susanna","Reeken","Senior Staff",47439
219417,"Subhrajyoti","Denna","Staff",47152
220131,"Reinhard","Slaats","Engineer",48012
220029,"Demos","Asser","Senior Engineer",43792
220418,"Poorav","Laventhal","Staff",73906
220528,"Sibyl","Rabehasaina","Senior Staff",42934
220582,"Poornachandra","Zielinski","Senior Staff",54228
220799,"Perla","Orlowska","Senior Engineer",51087
220611,"Yuping","Babb","Senior Staff",40000
220625,"Shigenori","Deville","Technique Leader",40000
221699,"Szabolcs","Georgatos","Engineer",61271
220699,"Nahid","Gyimothy","Staff",40000
221126,"Tesuya","dAstous","Senior Engineer",40000
221367,"Saddek","Farris","Senior Staff",42249
221369,"Abdulah","Pocchiola","Engineer",52230
221435,"Djenana","Marrevee","Senior Engineer",68650
221973,"Sangeeta","Kalefeld","Staff",59010
222311,"Miyeon","Billingsley","Senior Engineer",53877
222319,"Matt","Chvatal","Senior Engineer",40000
222354,"Valdiodio","Schlumberger","Engineer",40000
222701,"Lein","Delaune","Senior Staff",77941
222206,"Stein","Uludag","Staff",40000
222770,"Kazuhiko","Kushner","Senior Engineer",49344
224135,"Annemarie","Bressoud","Engineer",43178
222616,"Badri","Schapire","Assistant Engineer",40000
222878,"Annemarie","Zallocco","Engineer",42172
222926,"Limsoon","Erol","Senior Engineer",40000
222952,"Gopalakrishnan","Suermann","Senior Engineer",51100
222998,"Leaf","Awdeh","Senior Staff",51391
223593,"Hidefumi","Moehrke","Staff",56912
223595,"Chiranjit","Dredge","Technique Leader",44999
224335,"Perry","Chachaty","Engineer",54702
225438,"Remmert","Quaggetto","Senior Staff",78303
224390,"True","Shobatake","Senior Staff",40000
224934,"George","Miake","Senior Staff",40000
225788,"Ipke","Kieras","Engineer",40000
225601,"Masasuke","Genin","Assistant Engineer",40000
225867,"Ramalingam","Remmele","Senior Engineer",40000
225964,"Mooi","Cooman","Engineer",52478
226216,"Giordano","Gini","Technique Leader",40000
226227,"Herbert","Erva","Engineer",55409
227476,"Macha","Schnabel","Engineer",73795
227354,"Gio","Murtha","Engineer",49256
227899,"Garnik","Luce","Staff",61605
227681,"Mikhail","Rousseau","Staff",45519
227901,"Francesca","Azuma","Senior Staff",40000
228248,"Yuriy","Plump","Staff",54431
228554,"Bilhanan","Brendel","Senior Staff",71741
228098,"IEEE","Kroll","Engineer",40000
228575,"Takanari","Pelc","Engineer",40000
229098,"Berry","Yurek","Senior Staff",41874
228766,"Nahla","Smailagic","Senior Engineer",86747
229352,"Kwangho","Petereit","Engineer",60798
229364,"Dulce","Magliocco","Staff",65238
229386,"Pohua","Tasistro","Technique Leader",60980
229207,"Filipe","Erol","Senior Engineer",40000
229220,"Fabrizio","Lichtman","Engineer",40000
229391,"Paloma","Henseler","Senior Engineer",50035
229248,"Harjit","Terekhov","Staff",40000
229404,"Gilbert","Kilgour","Staff",55086
229690,"Mokhtar","Sherertz","Senior Staff",60001
229727,"Ewing","Millington","Engineer",43638
229547,"Moni","Schach","Senior Staff",61762
230126,"Bezalel","Radivojevic","Senior Staff",40000
230498,"Kolar","Puppo","Engineer",40000
229981,"Jamaludin","Fordan","Senior Engineer",56315
230002,"Tadahiro","Backhouse","Engineer",84438
230287,"Renny","Alameldin","Assistant Engineer",40000
230579,"Shahar","Negoita","Senior Staff",60150
230354,"Yinghua","Lorho","Senior Staff",40000
230821,"Toshiki","Raney","Staff",74116
230865,"Takushi","Brattka","Staff",61136
230689,"Dietrich","Crabtree","Senior Staff",45823
231671,"Chandrasekaran","Pearson","Staff",40000
231043,"Torsten","Slobodova","Assistant Engineer",52368
231069,"Trygve","Siksek","Staff",88709
231459,"Nectarios","Pramanik","Assistant Engineer",55246
232697,"Barry","Ramsak","Senior Engineer",40000
231798,"Goetz","Alvarado","Engineer",46062
232178,"Etsuo","Anandan","Staff",40000
232209,"Nitsan","Rouquie","Senior Engineer",46339
232458,"Nikolaus","Yetto","Staff",69324
232496,"Peternela","Klerer","Staff",52917
232723,"Tesuya","Bugrara","Assistant Engineer",40000
233114,"Alselm","Gargeya","Senior Engineer",78365
233394,"Khalid","Lenart","Engineer",40000
233397,"Fay","Sundgren","Senior Staff",63272
233247,"Murthy","Angiulli","Senior Engineer",40000
233426,"Etsuo","Usery","Engineer",40990
233533,"Seongbae","Sluis","Senior Staff",40000
233759,"Zissis","Lodder","Engineer",40000
233765,"Kotesh","Chachaty","Senior Engineer",47195
233785,"Baziley","Ballarin","Staff",88012
233690,"Cedric","Riefers","Engineer",47246
233818,"Kellie","Heydon","Senior Engineer",40000
234195,"Luerbio","Terkki","Senior Staff",50836
234278,"Tzu","Impagliazzo","Staff",47879
235017,"Irena","Dratva","Staff",66452
234739,"Foong","Aamodt","Senior Engineer",40000
235096,"Sverrir","Gyimothy","Senior Staff",75886
235269,"Keiichiro","Feldmann","Staff",40000
235325,"Gro","Prochazka","Engineer",40000
235458,"Gio","Heuser","Senior Staff",46139
235368,"Anneli","Joslin","Senior Engineer",40000
235729,"Henk","Anger","Staff",52272
235546,"Tianruo","Speer","Staff",77656
235780,"Sampalli","Bergere","Senior Engineer",40000
235793,"Jayesh","Spinelli","Senior Engineer",61027
236827,"Almudena","Rijckaert","Engineer",40000
236315,"IEEE","Raczkowsky","Technique Leader",40000
236559,"Berna","Nanard","Senior Engineer",40247
236566,"Yechezkel","Maginnis","Senior Staff",40000
236591,"Insup","Reinhard","Senior Staff",63990
236883,"Huan","Olivero","Staff",72410
237590,"Annemarie","Irland","Staff",40000
236964,"Adel","Foote","Staff",85659
237289,"Brendon","Fritzsche","Staff",83375
237400,"Guadalupe","Perri","Technique Leader",49391
238252,"Uno","Suppi","Staff",48008
238112,"Miomir","Frezza","Technique Leader",40000
238422,"Vishv","Angelov","Senior Staff",40000
239244,"Abdulla","Kitai","Senior Staff",58738
238949,"Minghong","Cronin","Senior Staff",55007
239581,"Guangming","Marquardt","Staff",86683
239067,"Tadahiko","Pocchiola","Staff",90988
239664,"Sugwoo","Michaels","Engineer",40000
239415,"Susumu","Brender","Engineer",48404
239426,"Vesna","Fairtlough","Engineer",40000
239706,"Arunas","Bugrara","Assistant Engineer",58498
239748,"Bilhanan","Dusink","Senior Staff",69092
239803,"Oscal","Ernst","Senior Staff",40000
240132,"Mizuhito","Kobara","Staff",56439
240011,"Heather","Luef","Technique Leader",51685
240438,"Temple","Cyre","Staff",62140
240236,"True","Tischendorf","Engineer",40000
240253,"Shrikanth","Ramaiah","Engineer",40000
240285,"Kolar","Greenaway","Staff",45885
240340,"Mack","Staylopatis","Senior Engineer",40000
241100,"Cedric","Molenaar","Engineer",40000
241254,"Jagoda","Anguita","Senior Engineer",40000
240870,"Francesca","Chorvat","Senior Staff",40000
241292,"Uri","Lampe","Senior Staff",42997
241567,"Emran","Miara","Senior Engineer",40000
241667,"Atilio","Olivero","Senior Engineer",56580
241728,"Limsoon","Boudaillier","Senior Engineer",52540
241872,"Bluma","Fetvedt","Senior Staff",40000
241917,"Wuxu","Poupard","Staff",56900
241952,"Maya","Anandan","Staff",61869
242019,"Herb","Murrill","Senior Engineer",50527
242081,"Tomokazu","Pargas","Engineer",50182
242104,"Richara","Sudkamp","Senior Staff",57772
242314,"Miyeon","Burnard","Engineer",45492
242237,"Hidde","Papsdorf","Senior Staff",80038
242611,"Frazer","Flanders","Engineer",70053
242500,"Bingning","Iisaku","Senior Staff",76979
243018,"Bowen","Deverell","Senior Staff",62716
242800,"Kazuyasu","Levergood","Engineer",46401
242867,"Paddy","Nittel","Engineer",40133
243077,"Kazunori","Perz","Senior Engineer",54935
243898,"Arch","Basawa","Staff",58876
243576,"Abdulah","Lodder","Senior Staff",60593
243637,"Marjo","Delgrange","Staff",60619
244605,"Masoud","Suwa","Senior Staff",40000
244308,"Mokhtar","Rebaine","Senior Staff",51276
244624,"Boaz","Seuren","Senior Staff",40000
244711,"Rosli","Butner","Assistant Engineer",56130
244714,"Poorav","Clouatre","Senior Engineer",50839
244873,"Arunachalam","Oppitz","Senior Staff",82148
244820,"Shigenori","Hertweck","Engineer",54013
245664,"Manohar","Kilgore","Staff",68558
245164,"Filipp","Winter","Senior Engineer",57847
245396,"Gift","Bottner","Staff",40000
246364,"Alper","Tiemann","Engineer",72695
246146,"Zhongwei","Melski","Engineer",57332
246244,"George","Casperson","Staff",53305
246764,"Shuzo","Czaja","Staff",71627
246798,"Tianruo","Strooper","Senior Staff",96152
247089,"Seongbae","Schahn","Senior Staff",66089
246902,"Shih","Shanbhogue","Staff",40000
247122,"Xiaobin","Narlikar","Senior Staff",40000
247447,"Tzu","Bakhtari","Engineer",45800
247456,"Masako","Bahk","Engineer",61394
247875,"Xiong","Anick","Senior Staff",77461
247612,"Chiranjit","Constantine","Engineer",40000
247888,"Abdelghani","Lagarias","Senior Engineer",40000
248256,"Sajjan","Falby","Staff",68786
248094,"Valeska","Lupu","Staff",67350
248953,"Percy","Sudbeck","Assistant Engineer",47201
248351,"Jaana","Milicia","Senior Staff",55386
248758,"Snehasis","Muhlberg","Staff",79398
249325,"Ute","Pokrovskii","Staff",82809
249433,"Ayonca","Matzov","Engineer",50915
249239,"Hideyuki","Decleir","Senior Engineer",40000
249451,"Gopalakrishnan","Pehl","Engineer",80722
249780,"Nechama","Gaughan","Senior Engineer",56733
249504,"Dmitry","Velardi","Engineer",40000
249799,"Jolita","Neimat","Engineer",41338
250748,"Kish","Turnbull","Engineer",40000
249866,"Steen","Gubsky","Staff",49410
249969,"Georgi","Luiz","Senior Engineer",73578
250411,"Ranga","Sommen","Senior Staff",54722
250452,"Alexius","Plavsic","Senior Engineer",55615
251166,"Hinrich","Hooghiemstra","Staff",74699
251233,"Yucel","Bernini","Senior Engineer",47919
251301,"Pintsang","Impagliazzo","Senior Staff",51640
251645,"Bezalel","Tsunoo","Senior Staff",54614
251341,"Divier","Kumaresan","Senior Staff",40000
251403,"Utpal","DuBourdieux","Technique Leader",40000
251437,"Shichao","Iwayama","Assistant Engineer",40000
251680,"Moty","Sommen","Senior Engineer",54883
252241,"Zito","Alvarado","Senior Staff",40000
251814,"Mitsuyuki","Zockler","Technique Leader",42555
252185,"Chaosheng","Conta","Assistant Engineer",44552
252316,"Gill","Niizuma","Senior Engineer",46232
252318,"Keung","Simmel","Technique Leader",40000
252392,"Sanjeeva","Peron","Engineer",40000
252592,"Sachem","McDermid","Senior Engineer",51711
253707,"Insup","Hainaut","Staff",57777
253029,"Thodoros","Thimonier","Engineer",40000
254044,"Gunilla","Brendel","Engineer",40000
253838,"Stafford","Terlouw","Assistant Engineer",40000
254399,"Armond","Lores","Technique Leader",58503
253893,"Huiqun","Trystram","Senior Engineer",44376
254787,"Mohan","Chepyzhov","Senior Engineer",45164
254591,"Mamdouh","Lodder","Staff",75535
255657,"Oldrich","Cyre","Senior Engineer",40000
254821,"Tonny","Couchot","Staff",58821
254916,"Serenella","Couchot","Senior Staff",44158
255466,"Huan","Roccetti","Senior Engineer",53964
255779,"Heejo","Merle","Technique Leader",40000
256078,"Duke","Picaronny","Staff",78310
256837,"Bezalel","Jording","Staff",40000
256216,"Halsur","Brodal","Engineer",40000
256856,"Hongzue","Barbanera","Senior Staff",40000
256881,"Ioana","Jakobus","Engineer",45924
256888,"Heather","Pehl","Staff",50006
257378,"Pascal","Bernatsky","Senior Staff",45349
257062,"Stabislas","Pardalos","Engineer",53285
257624,"Adhemar","Dalphin","Staff",40000
258028,"Mountaz","Reinhart","Engineer",55108
257469,"Anyuan","Hanratty","Senior Staff",53367
257484,"Shaowei","Nicolson","Staff",40000
257799,"Sushant","Riefers","Engineer",40000
258124,"Mariusz","Zolotykh","Senior Staff",84665
258363,"Tayeb","Veevers","Staff",40000
258376,"Jaber","Falco","Engineer",54809
258470,"Weiwu","Butner","Staff",98002
259237,"Palash","Gammage","Senior Staff",40000
258643,"Przemyslawa","Esposito","Engineer",47581
259042,"Xiaoqiang","Farrow","Staff",67056
259611,"Shuichi","Marrakchi","Senior Staff",57203
259273,"Xiahua","Gomatam","Senior Engineer",52325
259619,"Conal","Magliocco","Senior Staff",41263
260083,"Kwok","Journel","Staff",40000
259718,"Stepehn","Bouloucos","Senior Staff",57915
260249,"Vugranam","Beausoleil","Staff",49234
260153,"Mingdong","Baar","Technique Leader",71781
260399,"Hatem","Birsak","Senior Staff",63485
260361,"Reinhold","Rahier","Engineer",40000
260408,"Sasan","Brookner","Staff",40000
260501,"Dzung","Pargas","Technique Leader",59070
260545,"Fei","Rebaine","Senior Engineer",50079
261631,"Jianhua","Huttel","Engineer",48817
261184,"Masako","Kornatzky","Senior Engineer",51696
261737,"Mark","Lindqvist","Engineer",40000
261662,"Berni","Assaf","Senior Staff",64577
261986,"Gila","Ramsak","Senior Engineer",50346
262154,"Wonhee","Vrecion","Engineer",40000
261990,"Volkmar","Czaja","Senior Staff",55592
262439,"Lorien","Lagarias","Staff",78223
262208,"Mrinalini","Holburn","Senior Staff",82779
262210,"Chinho","Bottner","Assistant Engineer",50052
262440,"Subbu","Kaiserswerth","Assistant Engineer",45056
262548,"Jixiang","Loncour","Engineer",40030
262328,"Mayuko","Vural","Staff",63741
262861,"Kayoko","Attimonelli","Staff",82077
262636,"Tamiya","Reutenauer","Senior Engineer",62056
262928,"Piyush","Gill","Senior Engineer",40000
262741,"Izaskun","Moffat","Staff",48364
262752,"Pramod","Bierman","Engineer",63602
263186,"Danny","Lowrie","Technique Leader",40000
263012,"Hideo","Buchter","Staff",40755
263325,"Dinkar","Sinicrope","Staff",65564
263645,"Mingsen","Lally","Senior Engineer",62104
263370,"Shakhar","Ranze","Staff",76883
263439,"Atreye","Kabayashi","Senior Engineer",40000
263649,"Mechthild","Zongker","Senior Staff",67578
263926,"Fusako","Schwartzbauer","Senior Staff",43694
263721,"Abdulah","Horswill","Engineer",57417
264001,"Khalil","Mapelli","Senior Engineer",49620
264030,"Zdislav","Solares","Assistant Engineer",40000
264322,"Leandro","Swist","Senior Staff",58053
264626,"Noritoshi","Bakhtari","Senior Staff",40000
264167,"Baoqiu","Tomescu","Senior Engineer",59581
264715,"Siddarth","Luke","Staff",87151
265039,"Navid","Staudhammer","Staff",71928
265521,"Kensei","Salverda","Engineer",52088
264939,"Bogdan","Bahi","Senior Engineer",40000
265794,"Miquel","Halloran","Senior Staff",83098
265558,"Susuma","Kleiser","Senior Staff",79792
265875,"Fan","Marsiglia","Senior Engineer",44708
266206,"Zsolt","Anily","Staff",63169
266249,"Sumant","Nishimukai","Senior Staff",65301
266644,"Anwar","Gubsky","Senior Staff",40000
266310,"Zvonko","Serdy","Senior Staff",40000
266862,"Mart","Plumb","Senior Staff",40000
266689,"Parke","Serna","Senior Engineer",41983
266881,"Mokhtar","Sabnani","Senior Staff",40000
266981,"Toshimi","Kragelund","Engineer",46155
267227,"Susuma","Tagansky","Senior Engineer",40000
267059,"Moie","Tempesti","Senior Staff",51878
267304,"Jordanka","Axelband","Senior Staff",61938
267667,"Irena","Kaiserswerth","Senior Staff",75381
267504,"Mayuri","Flowers","Staff",77438
267745,"Wojceich","Honglei","Senior Engineer",62350
268043,"Narain","Mikschl","Engineer",40000
269186,"Vitali","Dayang","Technique Leader",70562
268191,"LiMin","Teitelbaum","Senior Engineer",53601
268890,"Somnath","Uhrik","Engineer",72147
269568,"Rimli","Walston","Staff",47093
270716,"Shunichi","Baer","Staff",104010
269728,"Naftali","Kragelund","Senior Staff",71296
270084,"Ulises","Frolund","Staff",40000
271975,"Yuchang","Busillo","Engineer",62250
270792,"Domenico","Wendorf","Engineer",40000
270794,"Dannz","Zhang","Senior Staff",73566
270821,"Hatem","Bierbaum","Staff",61289
271106,"Taisook","Kampfer","Engineer",57783
271118,"Somnath","Nitsche","Assistant Engineer",40000
271219,"Odoardo","Tyugu","Engineer",40000
272141,"Tsutomu","Neiman","Senior Staff",40000
272452,"Mitsuyuki","Isard","Engineer",60967
272285,"Gully","Mitchem","Staff",40000
272316,"Surveyors","Muhling","Engineer",46031
272860,"Minghong","Candan","Assistant Engineer",40000
272599,"Holgard","Hegner","Staff",42096
273159,"Divine","Hofmeyr","Technique Leader",40000
273274,"Yolla","Kobara","Engineer",58610
273286,"Brigham","Asmuth","Engineer",43159
273806,"Hongzhu","Beetstra","Staff",81637
273396,"Wayne","Baba","Engineer",60301
273858,"Gunilla","Matzen","Senior Staff",66820
274071,"Mingsen","Weiland","Staff",40000
274813,"Yefim","Pettey","Staff",66431
274271,"Prodip","Ritcey","Senior Staff",55623
274369,"Ranga","Waymire","Senior Staff",44399
275444,"Limsoon","Leppanen","Engineer",55338
275158,"Satyanarayana","Brandsma","Engineer",93286
275263,"Vojin","Laventhal","Engineer",64702
275495,"Shen","Yamaashi","Staff",41626
275801,"Ayakannu","Heinisuo","Senior Staff",70395
275881,"Jiann","Munro","Senior Engineer",40000
275994,"Uma","Prampolini","Engineer",40000
276027,"Holgard","Stavenow","Senior Staff",40000
276184,"Mari","Swick","Senior Staff",77922
276186,"Sajjad","Vecchi","Senior Staff",40000
276189,"Isaac","Klerer","Staff",47945
277420,"Rayond","Schach","Senior Engineer",40000
276445,"Atilio","Randi","Engineer",63137
276472,"Hideyuki","Flanders","Engineer",49162
276563,"Gift","Solares","Senior Staff",40000
276868,"Alois","Sanella","Staff",61613
276922,"Yongmin","Sidje","Engineer",55626
277316,"Vitali","Rothenberg","Staff",86493
277777,"Herbert","Itzigehl","Senior Engineer",40000
277362,"Uzi","Kugler","Senior Staff",40000
277829,"Michaela","Fandrianto","Senior Engineer",40000
277926,"Shaunak","Solovay","Senior Staff",81094
278239,"Boaz","Bottner","Staff",40000
278536,"Munenori","Shobatake","Staff",70597
278386,"Caolyn","Poujol","Technique Leader",42957
278452,"Sudhanshu","Toyoshima","Senior Staff",40000
278484,"Koldo","Peternell","Staff",40000
278549,"Jaana","Werthner","Senior Staff",89009
279115,"Maren","DuCasse","Engineer",55885
278883,"Hidefumi","Saoudi","Engineer",42971
278953,"Jeanna","Ghandeharizadeh","Senior Engineer",40000
279791,"Chiranjit","Lyonns","Assistant Engineer",40000
279280,"Niranjan","Debuse","Engineer",40000
279384,"Hugo","Comte","Senior Staff",40000
280029,"Vasilii","Verhaegen","Staff",60018
280070,"Niteen","Ebeling","Senior Staff",43684
280648,"Heeju","Lorys","Engineer",61217
280291,"Lenore","Badache","Staff",41617
280411,"Hironoby","Farrar","Technique Leader",79083
280420,"Jahangir","Hofting","Senior Staff",80385
281570,"Zijian","Covnot","Assistant Engineer",50023
280525,"Kish","Herbst","Staff",100167
280836,"Ipke","Farrar","Senior Engineer",59611
281180,"Phillip","Fontet","Staff",41593
281692,"Khosrow","Sommen","Senior Engineer",45215
282191,"Alper","Shinomoto","Engineer",41448
281834,"Fumitake","Marchegay","Assistant Engineer",46522
281848,"Parke","Staylopatis","Engineer",40000
281859,"Masanao","Papastamatiou","Engineer",56239
282000,"Hideo","Ratnakar","Senior Engineer",58482
282547,"Nahum","Codenie","Engineer",40754
282333,"Nahla","Serdy","Senior Staff",40000
282343,"Xinglin","Haldar","Staff",77230
282862,"Chenxi","Pusterhofer","Staff",67073
282585,"Zijian","Lammel","Staff",43246
282894,"Fay","Bellmore","Senior Engineer",53242
282699,"Candida","Felcyn","Assistant Engineer",50975
283138,"Cullen","Mikschl","Senior Staff",40000
283168,"Sanjai","Kopetz","Assistant Engineer",61811
284045,"Fun","Seiwald","Engineer",57634
283041,"Nathalie","Foote","Senior Engineer",40000
284300,"Ishfaq","Mahmud","Senior Staff",90644
284687,"Oksana","Redmiles","Senior Engineer",40000
284431,"Pintsang","Fujisawa","Senior Staff",65037
284691,"Theron","Ressouche","Senior Engineer",40000
284711,"Martijn","Azevdeo","Senior Engineer",57721
284717,"Gal","Ranta","Senior Engineer",40000
284561,"Duri","Beznosov","Senior Engineer",50960
285149,"Nahum","Schahn","Senior Engineer",43781
284856,"Moto","Kobara","Senior Engineer",40000
284954,"Anneke","Hammerschmidt","Engineer",40000
285396,"Lena","Kohling","Engineer",66793
285164,"Xiaocheng","Kumaresan","Staff",91283
285905,"Kellyn","Bage","Senior Staff",51667
285318,"Theron","Ravishankar","Senior Engineer",43328
285906,"Arnould","Buescher","Engineer",49297
286026,"Utpal","Zaumen","Staff",65537
286029,"Jaques","Nanard","Staff",41827
286573,"Nahum","Nishimukai","Senior Engineer",40000
286370,"Toshimitsu","Seuren","Senior Staff",45618
286986,"Woody","Trelles","Senior Engineer",55706
286452,"Behnaam","Bierbaum","Engineer",43036
286779,"Sigeru","Versino","Engineer",54400
287323,"Steve","Dengi","Staff",73295
287327,"Youjian","Felder","Senior Staff",58866
287334,"Elliott","Speer","Engineer",47441
287583,"Jovan","Hockney","Engineer",47726
287609,"Sailaja","Negoita","Assistant Engineer",48605
287436,"Sasan","Deville","Technique Leader",40301
287713,"Aamod","Ranka","Senior Staff",46369
287482,"Shigeaki","Gihr","Engineer",63479
287983,"Randi","Munos","Senior Staff",83519
287808,"Vidar","Ozeki","Technique Leader",51801
287984,"Troy","Kobuchi","Engineer",45001
287822,"Mooi","Perfilyeva","Engineer",55732
288028,"Kauko","Narwekar","Engineer",50537
288560,"Yifei","Birjandi","Staff",64818
288134,"IEEE","VanScheik","Staff",40000
288142,"Shay","Heystek","Senior Staff",67640
288166,"Masoud","Asmuth","Staff",66034
288563,"Cristinel","Gerlach","Engineer",40000
288606,"Susumu","Swiss","Senior Staff",93892
288665,"Horward","Khasidashvili","Senior Engineer",48607
288848,"Vivian","Hennebert","Staff",66178
289122,"Nikolaus","Akaboshi","Staff",40000
288893,"Bedrich","Rosenbaum","Engineer",40000
289454,"Bowen","Narwekar","Senior Engineer",52363
289807,"Soenke","Lemarechal","Senior Staff",40000
289909,"Hilari","Vecchio","Staff",73997
289687,"Fai","Maccarone","Staff",45390
290284,"Kwangjo","Menhardt","Engineer",52459
290009,"Zijian","Rindone","Senior Staff",40000
290010,"Fox","Lodder","Staff",105995
290075,"Boalin","Byoun","Staff",49861
290563,"Shigehiro","Oxenboll","Senior Engineer",40000
290769,"Lalit","Blokdijk","Senior Engineer",44580
290441,"Gregory","Collavizza","Senior Staff",91982
290467,"Shaowen","Poulakidas","Staff",47812
290478,"Tsvetan","Sherertz","Assistant Engineer",54683
291349,"Constantijn","Rusterholz","Staff",41067
291352,"Danai","Trelles","Technique Leader",55697
291368,"Gita","Rodier","Staff",81878
291669,"Faiza","Bach","Engineer",59691
291755,"Ebru","Doering","Assistant Engineer",40649
291819,"Uriel","Georg","Senior Staff",40000
291612,"Siamak","Gomatam","Engineer",40000
292110,"Menkae","Showalter","Engineer",53348
292146,"Khatoun","Pulkowski","Engineer",40000
292404,"Hongzue","Zultner","Senior Staff",44910
292210,"Masaru","Huhdanpaa","Engineer",57954
292374,"Shridhar","Chvatal","Staff",45955
292504,"Georgi","Bednarek","Senior Engineer",40000
292515,"Bernd","Thummel","Assistant Engineer",40000
293080,"Hideyuki","Slaats","Senior Staff",59821
292828,"Ziya","Tokunaga","Engineer",40000
292901,"Shuky","Journel","Engineer",61596
293154,"Syozo","Maliniak","Senior Staff",47147
293329,"Fumiya","Griswold","Engineer",60254
293280,"Moti","Steenbeek","Senior Engineer",40000
293746,"Sanjay","Litecky","Senior Engineer",40000
293752,"Jungsoon","Bail","Staff",60081
294241,"Marl","Fiebach","Staff",74077
294652,"Hironobu","Brodie","Engineer",40000
294144,"Takanari","Ermel","Staff",74140
294446,"Claudi","Ruemmler","Staff",57740
294461,"Siddarth","Rosiles","Senior Engineer",44245
294791,"Vesna","Lammel","Assistant Engineer",62854
294527,"Ashish","Candan","Senior Staff",62362
294857,"Caolyn","Ozeri","Senior Engineer",76899
294996,"Tomoyuki","Vigier","Senior Staff",85555
295030,"Fun","Keirsey","Senior Staff",40000
295236,"Kauko","Fujisawa","Engineer",40000
295411,"Chiranjit","Serot","Staff",53572
295254,"Xuejun","Pfau","Staff",40000
295255,"Jacopo","Bellone","Technique Leader",42789
295262,"Moon","Pews","Assistant Engineer",40000
295268,"Eben","Calkin","Senior Staff",62556
295476,"Shawna","Chiodo","Engineer",54776
295278,"Val","Barvinok","Assistant Engineer",51829
295857,"Kankanahalli","Ciolek","Senior Staff",44461
296610,"Pranav","Berztiss","Senior Engineer",40000
296062,"Shaz","Driscoll","Staff",55272
296303,"Mariangiola","Heyers","Technique Leader",55209
296428,"Charmane","Simmen","Senior Staff",62557
296621,"Bokyung","Plump","Technique Leader",40000
296962,"Wilmer","Luke","Technique Leader",40000
296664,"Dipayan","Geffroy","Senior Engineer",40000
296687,"Palash","Spieker","Staff",40000
296718,"Kamakshi","Bahl","Senior Engineer",40000
297232,"Lokesh","Saoudi","Senior Staff",56647
297008,"Boutros","Awdeh","Staff",71265
297243,"Tesuya","Mansanne","Senior Staff",40000
297954,"Sailaja","Fujisaki","Assistant Engineer",40000
297431,"Cathie","Ratnakar","Senior Staff",58600
297474,"Irena","Terkki","Staff",44241
298339,"King","Benzmuller","Senior Engineer",40000
297804,"Vasilis","Ginneken","Engineer",57501
297905,"Marc","Bahl","Assistant Engineer",40000
298479,"Kamakshi","Badache","Staff",94749
299580,"Luisa","Itzfeldt","Engineer",49708
298577,"Florina","Litecky","Senior Staff",75632
298953,"Zita","Syang","Staff",56226
299346,"Fumitake","Sichman","Senior Staff",40000
400046,"Hilari","Christ","Senior Staff",40000
299718,"Denny","Shobatake","Senior Staff",40000
299737,"Patricio","Itzfeldt","Senior Staff",75091
400683,"Kamakshi","Manders","Staff",65023
400344,"Yishai","Sessa","Engineer",47625
400358,"Angus","Jullig","Engineer",65485
401154,"Danae","Kragelund","Staff",40000
400780,"Poornachandra","Asser","Engineer",40000
400796,"Bodo","Halevi","Engineer",40000
401278,"Oguz","Schurmann","Assistant Engineer",62122
401574,"Yannik","Falco","Technique Leader",52475
401333,"Martins","Shokrollahi","Senior Engineer",40000
401364,"Pranay","Kambil","Senior Staff",82014
401420,"Florian","Uhrig","Senior Staff",40000
402223,"Fai","Breugel","Staff",73729
402025,"Shigehito","Duclos","Engineer",50425
402102,"Kersti","Granlund","Engineer",40000
402664,"Subhada","Janetzko","Senior Engineer",43122
402718,"Jeanna","Rettelbach","Senior Engineer",58377
403010,"Toshimitsu","Sluis","Senior Engineer",59167
402827,"Weidon","Pollacia","Staff",53483
403455,"Marko","Velardi","Senior Engineer",40063
403237,"Muneo","Gunderson","Engineer",44003
404462,"Anestis","Setlzner","Senior Engineer",40194
403621,"Deborah","Kaminger","Senior Staff",52532
403644,"Krisda","Hainaut","Staff",40000
403954,"Jeanna","Bratten","Engineer",40000
404018,"Valery","Babb","Senior Engineer",55622
404236,"Zengping","Kakkar","Engineer",43423
404573,"Eberhardt","Spelt","Staff",40000
404755,"Manu","Junet","Senior Staff",55120
405015,"Morris","Fargier","Senior Staff",72535
404788,"Basem","Beausoleil","Engineer",50754
405063,"Yechezkel","Yurov","Senior Engineer",67423
404879,"Jeanne","Kaminger","Engineer",40000
405372,"Masami","Merro","Staff",40000
406125,"Georgi","Portugali","Technique Leader",40000
406239,"Marek","Tomescu","Engineer",40000
406249,"Naraig","Snyers","Senior Engineer",59211
406537,"Martien","Ranum","Senior Engineer",40000
406299,"Kitty","Kolvik","Engineer",57332
406564,"Parviz","Picco","Engineer",42716
406847,"Alexius","Crouzet","Staff",65556
406714,"Malu","Ossenbruggen","Senior Staff",40000
408019,"Shridhar","Chleq","Senior Engineer",46019
407522,"Tommaso","Raczkowsky","Staff",53708
407837,"Fei","Erez","Senior Engineer",47359
408114,"Geoffrey","Ladret","Engineer",75323
408163,"Irene","Sethi","Senior Engineer",67566
408417,"Tsz","Daescu","Staff",50677
408435,"Bikash","Vilarrasa","Staff",89802
408437,"Uno","Solares","Senior Staff",59806
408447,"Mayuri","Werthner","Staff",65539
408654,"Yongqiao","Cochrane","Staff",47427
408953,"Jolita","Claffy","Senior Engineer",40000
409391,"Willard","Verspoor","Engineer",40675
409112,"Sahrah","Mitchem","Senior Staff",56245
409712,"Etsuo","Andreotta","Engineer",49437
410028,"Xiadong","McClurg","Senior Staff",40000
409798,"Dekang","Tsunoo","Technique Leader",55643
409805,"Frazer","Candan","Senior Engineer",60575
410372,"Duri","Mitina","Senior Engineer",40608
409898,"Divier","Ishibashi","Engineer",60860
410433,"Kazuhisa","Riesenhuber","Senior Engineer",49038
410703,"Kitty","Halloran","Staff",88799
410592,"Tonia","Shigei","Staff",61978
410616,"Gudjon","Kalorkoti","Senior Engineer",40000
410881,"Koichi","Grabner","Senior Engineer",40000
410804,"Ronnie","Denos","Engineer",49617
411070,"Otmar","Brandsma","Engineer",41389
411082,"Martine","Cangellaris","Senior Engineer",40987
411143,"Goncalo","Barbanera","Senior Staff",87814
411906,"Anneli","Pappas","Engineer",51122
411727,"Weiwu","Lamma","Staff",86189
412315,"Geoff","Peck","Staff",63072
413666,"Remco","Duclos","Senior Staff",62764
412404,"Mitsuyuki","Jeansoulin","Senior Engineer",75569
412757,"Leen","Peak","Engineer",40000
413098,"Hsiangchu","Taubenfeld","Senior Staff",45619
413205,"Mototsugu","Prampolini","Senior Staff",82766
413729,"Harjit","Ernst","Technique Leader",40000
413554,"Elvia","Schwartzburd","Engineer",65793
413831,"Mohamadou","Grabner","Staff",40444
413832,"Marco","Jahnichen","Senior Staff",40000
414027,"Tadanori","Msuda","Engineer",40000
414091,"Wuxu","Kuhnemann","Engineer",40000
414461,"Somnath","Bierbaum","Senior Staff",52506
414543,"Bernd","Anick","Senior Engineer",68487
414551,"Elliott","Copas","Senior Engineer",41620
414808,"Aris","Sambasivam","Engineer",40000
414662,"Ipke","Schneeberger","Engineer",52170
414814,"Dayanand","Wielonsky","Staff",43223
414714,"Chinho","Delgrande","Senior Staff",47105
414897,"Juyoung","Willoner","Staff",69580
414922,"Prasadram","Piazza","Senior Engineer",59975
415187,"Juyoung","Peltason","Assistant Engineer",57432
415234,"Ewing","Baak","Engineer",52502
415563,"Mrinalini","Bierbaum","Engineer",51477
415338,"Shigeo","Emmart","Assistant Engineer",40000
415363,"Conal","Shackell","Staff",56789
416383,"Nectarios","Itschner","Engineer",57970
416074,"Alain","Lieberherr","Engineer",40000
416420,"Adamantios","Heemskerk","Senior Staff",57583
416660,"Nathalie","Luke","Assistant Engineer",40000
416455,"Laurentiu","Morton","Engineer",44583
416720,"Tokuyasu","Xiaoshan","Engineer",50877
416492,"Kannan","Meriste","Senior Engineer",40000
417128,"Valeska","Rosenbaum","Senior Engineer",40000
416877,"Gio","Orsini","Staff",82181
416892,"Shooichi","Vandervoorde","Engineer",55754
417435,"Bouchung","Zaumen","Senior Staff",88979
418239,"Josyula","Motley","Senior Engineer",65620
418247,"Oscar","Oppitz","Staff",58604
418298,"Arvin","Pusterhofer","Senior Engineer",40000
418309,"Danel","Petereit","Senior Engineer",47095
418380,"Kazuhiko","Gornas","Senior Engineer",41525
418689,"Gino","Uehara","Senior Staff",61930
418566,"Kazuhide","Snedden","Senior Engineer",62954
418606,"Michaela","Otillio","Engineer",41390
418717,"Arunachalam","Magliocco","Staff",67967
419099,"Heon","Broomell","Staff",96271
418860,"Ymte","Dalton","Senior Staff",51181
419388,"Nikolaos","Bamford","Senior Engineer",53853
419953,"Ung","Orlowski","Senior Staff",60803
420086,"Susuma","Kitsuregawa","Engineer",48457
420557,"Mabhin","Eastman","Senior Staff",82355
420476,"Mariangiola","Bolsens","Senior Staff",40000
420681,"Atilio","Rajala","Technique Leader",47291
420694,"Frazer","Barbanera","Staff",40000
420599,"Hidde","Riexinger","Engineer",40000
420732,"Willard","Morrin","Staff",59288
420759,"Raimond","Solovay","Staff",55608
420765,"Shawna","Krider","Senior Staff",78825
421074,"Zhaofang","Falster","Staff",72554
420877,"Khosrow","Erez","Staff",48689
421312,"Mariangiola","Bashian","Engineer",40000
420921,"Niranjan","Lamba","Staff",69690
421022,"Shigeaki","Butner","Senior Staff",67327
421033,"Garnik","Randt","Senior Staff",87795
421039,"Aemilian","Zedlitz","Engineer",50978
421384,"Renny","Bednarek","Staff",40000
421755,"Shichao","Thiria","Senior Engineer",49914
422263,"Abdulah","Remmele","Staff",40000
422146,"Kenton","Miara","Engineer",40000
423038,"Takushi","Strehl","Senior Staff",60743
422450,"Junichi","Rubsam","Senior Engineer",40000
422783,"Jagoda","Uhrig","Engineer",40000
423327,"Constantijn","Lichtman","Senior Staff",79684
423350,"Heping","Monarch","Senior Staff",45927
423204,"Uma","Stranks","Staff",64505
423208,"Joydip","Krone","Engineer",58830
423214,"Tsutomu","Tetzlaff","Staff",67902
424569,"Danco","Luff","Engineer",67193
423516,"Wojceich","Butterworth","Senior Engineer",52784
423633,"Mariusz","Tokunaga","Senior Engineer",51147
423993,"Seshu","Kolvik","Technique Leader",40000
424584,"Kagan","Dredge","Senior Engineer",49152
424685,"Changho","Veevers","Senior Staff",44053
424797,"Theron","Itschner","Senior Staff",99526
424805,"Jacqueline","Zallocco","Senior Staff",81079
424845,"Salvador","Peres","Staff",51843
424714,"Nathan","Vendrig","Engineer",40000
425535,"Alagu","Vieri","Senior Staff",80858
424930,"Xuejun","Reeker","Staff",48452
424984,"Vasilis","Waleschkowski","Engineer",40000
425437,"Moni","Staudhammer","Engineer",43287
425540,"Paddy","Zumaque","Senior Staff",53256
425875,"Jahangir","Kroft","Senior Staff",41046
425757,"Yongdong","Jiang","Senior Staff",65128
425780,"Paris","Range","Senior Staff",65037
425830,"Guther","Conia","Engineer",63504
426235,"Danco","Rajala","Staff",46445
426153,"Shahaf","Luce","Senior Staff",74658
426168,"Kaijung","Mateescu","Senior Staff",51634
426611,"Serap","Bahi","Engineer",40000
426228,"Supot","Badache","Engineer",48175
426644,"Zejun","Broomell","Senior Engineer",66298
426683,"Xudong","Muntz","Engineer",50855
426706,"Karsten","Kawashima","Senior Engineer",52496
427776,"Jaques","Navazio","Senior Staff",83358
426795,"Huican","Lunn","Senior Staff",48445
426818,"Gaurav","Fendler","Senior Staff",40000
426819,"Sandeepan","Kulisch","Engineer",51809
426824,"Gopalakrishnan","Mawatari","Senior Staff",58680
426958,"Weijing","Viele","Senior Engineer",55729
427313,"Utpal","Kemmerer","Senior Staff",40000
427320,"Mamdouh","Ramamoorthy","Senior Engineer",53985
427332,"Feiyu","Hemaspaandra","Staff",50549
427571,"Torsten","Ranta","Senior Engineer",55037
427659,"Mariusz","Ritcey","Engineer",81017
427805,"Haldun","Compeau","Senior Staff",66766
427823,"Jaques","Gecsei","Staff",46107
428082,"Ronghao","Alpin","Senior Staff",40000
427852,"Adil","Kieras","Senior Engineer",48349
428294,"Nimmagadda","Kusakari","Engineer",40000
428160,"Jamaludin","Kalorkoti","Staff",62732
428195,"Hatsukazu","Rosca","Senior Staff",63119
428219,"Ghassan","Androutsos","Staff",84926
428235,"Chenyi","Demian","Senior Engineer",61797
429040,"Bader","Detkin","Staff",62602
428917,"Theron","Billawala","Engineer",40000
429087,"Hugh","Senzako","Technique Leader",51383
429231,"Kazuyasu","Schmiedel","Senior Staff",85371
429381,"Limsoon","Roohalamini","Staff",75021
429238,"Mona","Luck","Senior Staff",98463
429249,"Alassane","Wolniewicz","Engineer",40000
429316,"Seshu","Hiraishi","Staff",40000
429419,"Adas","Chinen","Senior Staff",41687
429481,"Subhada","Emmerich","Engineer",50310
429520,"Yongqiao","Francisci","Engineer",64463
429532,"Bartek","Vendrig","Staff",68137
429569,"Fumiya","Chappelet","Assistant Engineer",47441
429553,"Tadanori","Fujisawa","Technique Leader",57263
429756,"Jiann","Hofmeyr","Staff",72633
429703,"Ung","Honglei","Staff",40000
429899,"Ranan","Marsiglia","Staff",40554
429954,"Renny","Gladwell","Staff",77431
430558,"Xiong","Roisin","Engineer",40000
430054,"Erzsebet","Setiz","Senior Engineer",91507
430593,"Janalee","Lanzelotte","Senior Staff",40000
430631,"Kersti","Marsiglia","Engineer",55205
430891,"Khalil","Gien","Senior Engineer",68320
430981,"Amabile","Koyama","Staff",40000
431353,"Bedir","Reeken","Senior Staff",56951
431657,"Visit","Thiran","Senior Engineer",40000
431759,"Alassane","Ramsay","Engineer",44859
431576,"Masamitsu","Back","Staff",76741
432031,"Adamantios","Matzat","Staff",60534
432034,"Arfst","Uehara","Senior Staff",50138
432089,"Irena","Gulla","Senior Engineer",56890
431882,"Hideo","Varman","Engineer",53101
431887,"Poorav","Ranst","Senior Engineer",44157
432121,"Alair","Straney","Senior Staff",40000
432399,"Nitsan","Nollmann","Senior Engineer",40000
432257,"Kwangjo","Hiltgen","Engineer",84748
432261,"Arve","Bergere","Engineer",73145
432787,"Toshiko","Ibel","Senior Engineer",41515
432523,"Takahiro","Maquelin","Engineer",77172
432665,"Flemming","Driscoll","Engineer",42199
432890,"Nalini","Perly","Senior Engineer",56269
432956,"Qunsheng","Birrer","Senior Staff",59603
433157,"Tomofumi","Serna","Staff",84693
433059,"Bojan","Montresor","Staff",83650
433260,"Make","Olivero","Engineer",40000
433465,"Wonhee","Benveniste","Senior Staff",40000
433438,"Keiichiro","Miyakawa","Senior Staff",86599
434384,"Greger","Babb","Senior Staff",46939
433640,"Monique","Baer","Senior Staff",60932
434845,"Takushi","Skogmar","Senior Staff",56010
435181,"Kazuhide","Fiutem","Staff",40000
434936,"Sahrah","Rosis","Senior Engineer",54397
435026,"Shim","Versino","Senior Engineer",46644
435042,"Brigham","Borstler","Staff",55687
435060,"Moie","Lieblein","Staff",48951
435226,"Yinghua","Panwar","Senior Staff",40178
435305,"Berthier","Pramanik","Staff",61083
435289,"Feixiong","Schurmann","Senior Staff",78074
435357,"Jaques","Standera","Engineer",54147
435370,"Conal","Basart","Senior Staff",56330
435588,"Genta","Pepe","Senior Staff",40000
435602,"Dietrich","Kranzdorf","Senior Staff",70591
435664,"Sham","Chiodo","Senior Engineer",40000
435774,"Olivera","Bharadwaj","Senior Staff",62182
435791,"Hercules","Speer","Engineer",41333
436558,"Subir","Greibach","Senior Engineer",59648
436797,"Ohad","Henders","Senior Staff",47748
436827,"Wojceich","Limongiello","Senior Staff",42069
436915,"Feixiong","Haraldson","Staff",40000
437276,"Dines","DeMori","Senior Staff",52997
437369,"Kazuhide","Biran","Senior Staff",44053
438038,"Lena","Giaccio","Senior Staff",77091
437395,"Sumant","Thambidurai","Senior Staff",75620
437724,"Erez","Luft","Staff",53468
437870,"Kerhong","Lorho","Staff",65132
438264,"Rasikan","Barreiro","Staff",42706
438158,"Shaw","Varman","Senior Engineer",63411
438723,"Charlene","Verspoor","Assistant Engineer",90322
438557,"Lidong","Swist","Engineer",40000
439377,"Mari","Plessier","Senior Engineer",40000
439905,"Kousuke","Levasseur","Staff",56753
439924,"Gunilla","Kisuki","Senior Staff",81991
440642,"Snehasis","Kalsbeek","Staff",96916
440325,"Douadi","Sullins","Senior Staff",70248
440435,"Sandeepan","Rosti","Senior Engineer",40000
440450,"Tzvetan","Scharstein","Staff",42474
440870,"Filipp","Hasham","Senior Staff",40000
440937,"Fabrizio","Usery","Senior Staff",55815
440997,"Manton","Schapiro","Senior Staff",58036
441536,"Chinho","Collette","Senior Engineer",40000
441197,"Miquel","Legleitner","Staff",56738
441651,"Aimee","Billawala","Engineer",43508
441954,"Leszek","Marchegay","Engineer",42564
441965,"Claudi","Heijenga","Senior Staff",40000
442002,"Ravishankar","Baig","Staff",72966
442096,"Martijn","DiGiano","Senior Engineer",52432
442312,"Zengping","Cusworth","Engineer",50796
442490,"Navid","Luke","Engineer",90851
442700,"Siddarth","Masada","Staff",52753
442704,"Terresa","Milicia","Engineer",64130
443108,"Christfried","Atrawala","Senior Staff",60079
442653,"Mona","Hebden","Engineer",64003
442898,"Aksel","Gire","Engineer",40000
443485,"Marke","Klerer","Senior Staff",54884
443841,"Shaw","Kading","Senior Staff",91933
443339,"Shir","Krone","Staff",40000
443632,"Bernd","Conia","Staff",61057
443873,"Vatsa","Ramsay","Senior Staff",60024
444208,"Irena","Cesareni","Senior Staff",81161
444070,"Heping","Skrikant","Staff",40000
444099,"Kousuke","Worfolk","Senior Staff",81037
444228,"Xinglin","Busillo","Senior Engineer",45512
444643,"Berna","Schonegge","Staff",40000
444465,"Prasadram","Bultermann","Senior Engineer",47281
444487,"Udi","Rullman","Senior Engineer",40000
445067,"Eldridge","Kawashima","Senior Engineer",45253
445152,"Heping","Peac","Staff",49949
445201,"Randi","Alblas","Staff",42975
445226,"Oscar","Baumann","Engineer",40000
445514,"Tuval","Albarhamtoshy","Technique Leader",45560
445456,"Apostol","Gruenwald","Engineer",40000
445570,"Van","Nations","Technique Leader",46882
445723,"Gaurav","Roison","Staff",55964
446121,"Fay","Cochrane","Staff",66901
445941,"Masako","Dechter","Technique Leader",41871
445950,"Ebru","Valtorta","Engineer",40000
446424,"DAIDA","Nooteboom","Engineer",58549
446785,"Yuping","Papastamatiou","Engineer",40000
446306,"Hercules","Kabayashi","Senior Engineer",52162
446897,"Takahiro","Dalton","Technique Leader",40000
447191,"Dmitri","Rousseau","Engineer",51948
446959,"Aram","Passino","Senior Engineer",46058
447018,"Dannz","Miara","Senior Engineer",40000
447232,"Aleksander","Schaaf","Senior Staff",102759
447290,"Maria","Miculan","Engineer",40175
447135,"Gennady","Rouquie","Senior Staff",40000
447544,"Stabislas","Kakkad","Senior Staff",86434
447376,"Kirk","Zongker","Staff",70592
447599,"Heeju","Kemmerer","Technique Leader",40000
447613,"Paris","Restivo","Engineer",43894
447877,"Make","Heuser","Engineer",40000
447931,"Martijn","Jeong","Senior Staff",72595
447966,"Kamakshi","Hebert","Senior Engineer",57165
447982,"Shiv","Baezner","Engineer",40000
447999,"Shiv","Vilarrasa","Engineer",48626
448769,"Mong","Dichev","Technique Leader",56886
448165,"Anyuan","Schwaller","Staff",62317
448994,"Haldun","Syang","Staff",55952
448900,"Mart","Talmor","Staff",55122
449815,"Fumitaka","Quittner","Senior Staff",43762
448918,"Chiradeep","Arlazarov","Engineer",48275
449189,"Jahangir","Bernatsky","Senior Staff",52150
450184,"Selwyn","Henseler","Senior Engineer",57687
449966,"Mabry","Knightly","Staff",60157
449984,"Hinrich","Perin","Engineer",40000
450255,"Udo","Waymire","Technique Leader",40000
450475,"Saeed","Bahl","Senior Staff",41804
450309,"Gill","Orlowska","Technique Leader",47695
450371,"Eldridge","Pargaonkar","Senior Engineer",41751
450421,"Selwyn","Munoz","Engineer",40000
450510,"Boalin","Tramer","Staff",40000
450888,"Sedat","Rande","Staff",55308
450817,"DAIDA","Frolund","Senior Engineer",56583
450934,"Chanjung","Raoux","Engineer",40000
450936,"Yuriy","Ponthieu","Staff",49451
451253,"Jaihie","Ozeri","Senior Staff",66577
451272,"Jacopo","Krohm","Engineer",50905
451275,"Bedrich","Isard","Senior Staff",40000
451333,"Radhika","Bonifati","Senior Staff",40000
452325,"Taiji","Berstel","Engineer",71879
452137,"Subir","Miake","Senior Engineer",59812
452196,"Bartek","Snyers","Staff",40000
452206,"Arra","Esposito","Staff",57175
452347,"Shigeichiro","Brattka","Senior Staff",56042
452365,"Fei","Gadepally","Engineer",40000
452956,"Gou","Thombley","Senior Engineer",44716
452957,"Alair","Nanard","Staff",60350
452970,"Mari","Fargier","Senior Engineer",40000
452982,"Lobel","Aloia","Senior Staff",103154
453913,"Stein","Perng","Staff",66997
453070,"Aran","Rosenbaum","Senior Staff",40000
453154,"Gao","Lally","Staff",40000
453644,"Berni","Takkinen","Senior Staff",60389
453688,"Chinya","Leslie","Engineer",40000
453723,"Arne","Kohling","Engineer",40996
453760,"Ewing","Rajala","Senior Staff",40000
453790,"Fai","Keirsey","Engineer",59270
453996,"Sugwoo","Weiland","Senior Engineer",51234
454378,"Gina","Ossenbruggen","Technique Leader",63514
454338,"Mohammed","Georg","Engineer",40000
454736,"Nechama","Ermel","Engineer",45224
454994,"Mohan","Picht","Engineer",40000
454791,"Xiaoqiu","Pietracaprina","Senior Engineer",70297
454825,"Kamakshi","Schusler","Engineer",55857
455284,"Luisa","Baig","Engineer",40000
455113,"Manohar","Rothenberg","Staff",40000
455175,"Soenke","Zaumen","Senior Staff",40000
455243,"Khoa","Bahk","Senior Engineer",40126
455296,"Mang","Sundgren","Engineer",40000
455364,"Ranga","Plesums","Senior Staff",66467
455415,"Weiye","Krohm","Staff",58961
455726,"Qiwen","Kriebel","Senior Staff",89978
455814,"Giao","DuCasse","Senior Engineer",40757
455914,"Peer","Angelopoulos","Senior Engineer",62820
456982,"Shounak","Dratva","Engineer",41631
456767,"Tetsurou","Schreiter","Staff",81806
457070,"Gay","Plavsic","Senior Staff",40000
456824,"Aloke","Neiman","Technique Leader",45789
457337,"Xumin","Beidas","Technique Leader",40000
457146,"Jinpo","Heyers","Staff",58534
457411,"Xudong","Peck","Senior Engineer",40000
457489,"Berna","Ranst","Engineer",42727
457305,"Sorina","Lakshmanan","Staff",71290
457776,"Florian","Siepmann","Engineer",42709
457611,"Indrajit","Krogh","Engineer",40000
457653,"Yakichi","Naumovich","Technique Leader",40000
457813,"Foong","Gargeya","Engineer",40000
457832,"Jackson","Zielinski","Senior Engineer",40000
458111,"Florian","Tramer","Engineer",76812
457938,"Arch","Picco","Staff",56568
458134,"Thanasis","Standera","Senior Staff",40000
458191,"George","Atchley","Staff",71591
458919,"Kaijung","Papadias","Engineer",65011
458383,"Mabhin","Foote","Engineer",40000
458726,"Shahaf","Kitai","Senior Staff",40000
458790,"Ramya","Azadmanesh","Engineer",40000
459172,"Val","Rissanen","Assistant Engineer",58787
459685,"Hirochika","Goldhammer","Engineer",44433
459356,"Pramod","Wendorf","Engineer",40000
459429,"Mohit","Verhaegen","Senior Staff",92397
459846,"Yuping","Sethi","Staff",40000
460131,"Adly","Hambrick","Staff",68182
460920,"Remzi","Mitzlaff","Senior Staff",77844
460691,"Munehiko","Gihr","Senior Staff",40000
460707,"Yoshinari","Lanteri","Engineer",40000
461120,"Shietung","Gelosh","Engineer",68304
461270,"Mrinalini","Mawatari","Staff",76737
461723,"Deborah","Basawa","Assistant Engineer",51122
462067,"Sampalli","Francisci","Senior Staff",56407
461563,"Sreenivas","Versino","Senior Staff",51708
461801,"Sumali","Cooman","Senior Staff",59006
462493,"Paloma","Gerlach","Senior Engineer",40000
463023,"Itzchak","Penn","Staff",53407
462736,"Larisa","Murtafg","Staff",43051
462795,"Somnath","Cummings","Senior Staff",47611
463099,"Jinxi","Schmiedel","Senior Staff",59911
465085,"Vidar","Gunderson","Senior Staff",40000
463212,"Ramya","Rossi","Senior Engineer",47857
463472,"Jaber","Sethi","Technique Leader",40000
463495,"Alenka","Barriga","Senior Staff",40000
464284,"Huiqun","Henders","Senior Staff",85882
464303,"Abdelghani","Nyrup","Senior Staff",48803
464526,"Berna","Comellas","Staff",47159
465501,"Mrinalini","Gire","Senior Staff",40000
465062,"Stafford","Gist","Engineer",44624
465076,"Tokuyasu","Ghelli","Engineer",58601
465853,"Kwan","Kampfer","Staff",40000
465409,"Shahid","Varman","Senior Staff",67038
465874,"Herb","Picht","Assistant Engineer",72099
465711,"Lakshmi","Frijda","Senior Engineer",54507
466367,"Hiroyasu","Strandh","Staff",40000
466064,"Temple","Danlos","Senior Staff",48435
466603,"Yechezkel","Nourani","Staff",54724
466509,"Bezalel","Verhoeff","Engineer",40000
466745,"Boalin","Birsak","Staff",40000
467392,"Mariusz","Rikino","Engineer",45749
466911,"Stepehn","Markovitch","Staff",48742
467176,"Przemyslawa","Borovoy","Staff",56585
467269,"Nahum","Lambe","Technique Leader",40000
467441,"Margareta","Bondorf","Engineer",40000
468417,"Kamakshi","Huhdanpaa","Senior Engineer",40000
467591,"Kiyotoshi","Hennebert","Staff",52731
467886,"Sivanarayana","Chandrasekhar","Senior Staff",66865
467918,"Tsuneo","Skrikant","Staff",40000
469104,"Nadjib","Comellas","Engineer",42499
468360,"Huei","Saoudi","Technique Leader",40000
468659,"Ranga","Lemarechal","Engineer",40000
468763,"Sachin","Zlotek","Senior Engineer",49874
468773,"Baziley","Brookner","Senior Engineer",41553
469253,"Baruch","Basawa","Engineer",40000
469269,"Weiyi","Codenie","Engineer",40000
469527,"Halsur","Ibel","Staff",43350
469366,"Aiman","Wilfing","Engineer",48989
469529,"Neven","Rikino","Engineer",40247
471397,"Nigel","Zirintsis","Engineer",40000
469399,"Hongzhu","Ruemmler","Engineer",51576
469735,"Arif","Stranks","Senior Engineer",65879
469805,"Chaosheng","Shobatake","Senior Staff",55537
469867,"Hein","Jonsson","Senior Staff",49974
470456,"Reuven","Oehlmann","Staff",45633
470472,"Zhiguo","Staudhammer","Engineer",40000
471532,"Feiyu","Decleir","Technique Leader",46522
471552,"Basem","Lortz","Staff",42758
471911,"Arun","Zaccaria","Assistant Engineer",40000
471939,"Kazuhiko","Marshall","Staff",69487
472052,"Godehard","Chinal","Assistant Engineer",52516
472143,"Yahiko","Sommen","Senior Staff",78806
472440,"Xuejia","Leppanen","Staff",46886
472238,"Jungsoon","Gubsky","Senior Engineer",52860
472790,"Zhenbing","Ibel","Senior Engineer",55035
472950,"Weidon","Fordan","Senior Engineer",60425
473490,"Pantung","Reeker","Senior Staff",40000
473268,"Hugo","Sgarro","Senior Staff",55564
473299,"Khaled","Penn","Senior Staff",83582
474331,"Sugwoo","Eugenio","Senior Staff",40000
473824,"Shin","Puoti","Staff",93536
473940,"Avishai","Majewski","Engineer",46814
474162,"Ung","Taubenfeld","Engineer",40000
474372,"Monique","Cyre","Senior Staff",59269
474763,"Mayuko","Clouatre","Engineer",61436
474257,"Sungwon","Kornyak","Staff",56841
474796,"Zongyan","Shackel","Technique Leader",68336
475087,"Genevieve","Snedden","Senior Engineer",40000
474918,"Rasikan","Khalil","Engineer",40000
475538,"Christophe","Leaver","Staff",40000
475258,"Fumiyo","Feinberg","Senior Staff",40000
475938,"Shigeaki","Lanteri","Engineer",40000
475965,"Rimon","Pietracaprina","Senior Engineer",40000
476327,"Reinhold","Binkley","Engineer",51519
476055,"Girolamo","Schlumberger","Senior Staff",40000
476122,"Khun","Spieker","Engineer",40000
476361,"Doohun","Preusig","Technique Leader",42446
477578,"Marit","Paludetto","Engineer",83068
476488,"Yuping","Kuhnemann","Technique Leader",50260
477350,"Terresa","Vigier","Staff",47167
477352,"Nikolaos","Lorch","Engineer",40000
477969,"Bluma","Mundy","Engineer",40000
478007,"Fumino","Narahara","Engineer",47559
478170,"Doowon","Schoegge","Engineer",40000
478439,"Yuichiro","Bale","Technique Leader",47250
478218,"Djenana","Erol","Engineer",65244
478799,"Shaw","Borovoy","Senior Staff",40297
478768,"Arun","Katzenelson","Senior Engineer",67237
478833,"Pradeep","Valiente","Engineer",83315
478858,"Hidekazu","Perna","Staff",40000
479601,"Kayoko","Bahi","Staff",65786
479024,"Ewing","Kalorkoti","Engineer",60882
479407,"Randi","Tomescu","Assistant Engineer",46866
479695,"Masamitsu","Murrill","Staff",40176
480035,"Sukumar","Georg","Staff",40000
480066,"Suebskul","Menhardt","Engineer",40000
480268,"Gaurav","Cheshire","Technique Leader",44209
480178,"Uinam","Rahier","Senior Staff",55930
480407,"Deniz","Bennis","Senior Engineer",40000
481050,"Weiru","Burnard","Staff",50385
480571,"Anoosh","Wielonsky","Engineer",53706
481213,"Shigehiro","Haldar","Senior Staff",73617
481148,"Gina","Decaestecker","Engineer",51644
482278,"Sven","Hinsberger","Senior Engineer",40000
481397,"Luisa","Chelton","Assistant Engineer",40000
481399,"Amabile","Crelier","Staff",40000
481467,"Margareta","Polajnar","Staff",65003
481764,"Teiji","Marrakchi","Senior Engineer",60322
481790,"Haldun","Erie","Senior Engineer",50133
481807,"Taegyun","Vieri","Senior Engineer",44874
482335,"Kwangyoen","Peck","Engineer",56445
482354,"Jayson","Zockler","Staff",40000
482755,"Jouni","Conia","Staff",77972
482756,"Shaowei","Back","Senior Staff",90084
483213,"Phillip","Munch","Technique Leader",41881
482885,"Shaunak","Brizzi","Assistant Engineer",49347
482905,"Aral","Hebden","Senior Staff",65709
482944,"Duke","Journel","Senior Staff",96529
483401,"Rosita","Pokrovskii","Senior Staff",50685
483978,"Dung","Tanemo","Staff",100425
483675,"Hausi","Kamber","Engineer",40000
483825,"Marek","Mitchem","Senior Engineer",52817
484126,"Manton","Lueh","Senior Staff",48754
483838,"Sham","Kavanagh","Assistant Engineer",40000
484498,"Herbert","Hammerschmidt","Engineer",66106
484142,"Perry","Cooman","Senior Staff",40000
485253,"Gladys","Parhami","Senior Staff",53582
484756,"Phule","Ruemmler","Senior Engineer",40000
485799,"Yoshimitsu","Litvinov","Senior Staff",40000
485489,"Keiichiro","Armand","Assistant Engineer",55395
485577,"Rafael","Menhoudj","Senior Engineer",40000
485579,"Munehiro","Iwayama","Senior Engineer",44117
486068,"Yefim","Bernardeschi","Senior Staff",54089
485817,"Mahmut","Bolotov","Engineer",51242
486808,"Geoffrey","Siochi","Senior Engineer",40000
488095,"Francoise","Hegner","Senior Staff",40000
486918,"Yagil","Remmers","Senior Staff",51627
486955,"Jaber","Feldmann","Engineer",44971
486956,"Matt","Ruemmler","Engineer",63351
486958,"Tonny","Kropf","Senior Engineer",45160
487008,"Zhigen","Raney","Senior Staff",73387
487505,"Uno","Jayawardene","Staff",57439
487856,"Jaewon","Mansanne","Engineer",41527
487988,"Ekawit","Schaft","Senior Staff",40000
488115,"Leah","Luke","Assistant Engineer",40000
488142,"Denis","Narlikar","Staff",40612
488414,"Changho","Gaughan","Engineer",40000
488482,"Kensyu","Tsunoo","Engineer",44477
488540,"Breannda","Maquelin","Senior Staff",88346
488619,"Georgy","Bennis","Engineer",58714
488788,"Wuxu","Garigliano","Senior Staff",55528
488632,"Irena","Baalen","Staff",54565
488693,"Jiong","Zultner","Senior Engineer",40000
488707,"Mihalis","Remmers","Senior Staff",61980
488752,"Nimmagadda","Baja","Staff",44935
489928,"Satoru","Janetzko","Assistant Engineer",43680
488984,"Kendra","Junet","Senior Staff",68524
489465,"Bogdan","Pepe","Engineer",40000
489755,"Matk","Chorvat","Senior Staff",50263
489756,"Kersti","Miculan","Senior Staff",74625
490551,"Lalit","Lindqvist","Engineer",52602
490240,"Kazunori","Orlowska","Staff",65404
490557,"Luise","Vigier","Engineer",45888
490568,"Zita","Reistad","Senior Engineer",58375
491478,"Gill","Varman","Staff",50787
490720,"Younwoo","Samarati","Senior Engineer",57642
491079,"Kwangsub","Keirsey","Senior Engineer",47638
491162,"Panayotis","Hempstead","Senior Engineer",55743
491596,"Charmane","Pargas","Senior Engineer",40000
491632,"Gadiel","Perly","Senior Staff",75387
491494,"Saniya","Broomell","Staff",66990
492000,"Valeska","Cools","Senior Staff",40000
492052,"Udo","Ratnakar","Staff",53754
492677,"Goetz","McAffer","Engineer",57772
492217,"Heekeun","Verhaegen","Senior Engineer",43116
492639,"Sanjoy","Porenta","Engineer",63732
493278,"Shaleah","Pileggi","Engineer",40000
493031,"Hironoby","Jakobus","Senior Staff",58953
493048,"Muzhong","Berztiss","Senior Staff",87744
493096,"Sachem","Msuda","Engineer",54424
493744,"Leni","Kropatsch","Senior Engineer",40000
494019,"Morrie","Iisaku","Staff",65241
494088,"Phule","Dahlbom","Engineer",53267
494493,"Masasuke","Koprowski","Staff",96959
494978,"Bezalel","Himler","Staff",50846
494995,"Yongmao","Pouyioutas","Senior Staff",61003
496100,"Pranjal","Reinhard","Staff",40197
495969,"Geoffrey","Panienski","Engineer",40000
497174,"Sanjiv","Bressoud","Senior Engineer",45255
496970,"Giordano","Maquelin","Senior Engineer",58910
496978,"Danco","Debuse","Staff",74289
497007,"Oldrich","Adachi","Engineer",42380
497835,"Shuho","Laurillard","Technique Leader",40000
497340,"Fayez","Keohane","Senior Staff",62550
497391,"Paris","Lieblein","Engineer",74583
497409,"Reinhard","Erde","Engineer",40000
497660,"Gritta","Petereit","Senior Engineer",50669
498337,"Naraig","Docker","Staff",65293
498635,"Florian","Pezzoli","Senior Staff",43577
498185,"Caolyn","Marciano","Senior Engineer",40000
498456,"Geraldo","Gerteisen","Senior Staff",40000
498955,"Nechama","Kandlur","Senior Engineer",52314
499495,"Baoqiu","Kakkar","Engineer",40000
498838,"Sanjay","Ciolek","Staff",40000
498845,"Arumugam","Pelc","Senior Engineer",40000
499160,"Urs","Rande","Staff",40000
499194,"Padma","Delgrange","Senior Staff",61589
499260,"Danae","Honglei","Engineer",40000
